id	status	source	declaration	scope
G0-reference-syntax	checked	incidence-theory/IncidenceTheory/ReferenceFoundation.lean	structure CompletionTarget	First-order reference syntax, axioms, derivations, and completion target are fixed.
G1-renaming-substitution	checked	incidence-theory/IncidenceTheory/ReferenceFoundationLogic.lean	theorem Formula.realize_substitute	Semantic substitution lemma for all first-order constructors including quantifiers.
G1-soundness	checked	incidence-theory/IncidenceTheory/ReferenceFoundationLogic.lean	theorem derives_sound	Every intuitionistic first-order derivation is valid in every certified model.
G1-weakening	checked	incidence-theory/IncidenceTheory/ReferenceFoundationMetatheory.lean	theorem Derives.weaken_prefix	Admissible finite-prefix weakening, including quantified rules.
G1-cut	checked	incidence-theory/IncidenceTheory/ReferenceFoundationMetatheory.lean	theorem Derives.cut	Single-formula cut is admissible through implication introduction and elimination.
G1-derivation-substitution	checked	incidence-theory/IncidenceTheory/ReferenceFoundationMetatheory.lean	theorem Derives.substitute	Capture-avoiding term substitution is admissible for every derivation, including quantifier and axiom cases.
G1-kripke-monotonicity	checked	incidence-theory/IncidenceTheory/ReferenceFoundationKripke.lean	theorem force_monotone	Varying-domain first-order Kripke forcing is persistent along future worlds.
G1-kripke-soundness	checked	incidence-theory/IncidenceTheory/ReferenceFoundationKripke.lean	theorem derives_sound	Every intuitionistic first-order derivation is valid in every certified varying-domain Kripke model.
G1-canonical-truth	checked	incidence-theory/IncidenceTheory/ReferenceFoundationCanonical.lean	theorem truth	Every prime/Henkin frame satisfying the explicit closure interface yields a canonical term-model truth lemma for open substitutions.
G1-completeness-reduction	checked	incidence-theory/IncidenceTheory/ReferenceFoundationCanonical.lean	theorem complete_of_countermodels	First-order Kripke completeness is reduced to construction of a countermodel certificate for each non-derivation.
G1-syntax-enumeration	checked	incidence-theory/IncidenceTheory/ReferenceFoundationEncoding.lean	theorem formulaAt_surjective	First-order formulas have a checked effective enumeration and finite fresh-variable bounds for Henkinization.
G1-lindenbaum-maximal	checked	incidence-theory/IncidenceTheory/ReferenceFoundationLindenbaum.lean	theorem exists_maximalAvoiding	Every target-avoiding theory has a maximal target-avoiding extension by a checked chain-union/Zorn argument.
G1-lindenbaum-prime	checked	incidence-theory/IncidenceTheory/ReferenceFoundationLindenbaum.lean	theorem MaximalAvoiding.or_iff	Maximal target-avoiding extensions are deductively closed and prime for disjunction.
G1-implication-counterworld	checked	incidence-theory/IncidenceTheory/ReferenceFoundationLindenbaum.lean	theorem PrimeTheory.imp_iff	Missing implication produces an extending prime future world containing its premise and excluding its conclusion.
G1-layered-henkin	checked	incidence-theory/IncidenceTheory/ReferenceFoundationLayered.lean	def layerCompletionPrimeTheory	Target-avoiding layered completion constructs bounded prime theories with existential witnesses.
G1-implication-future	checked	incidence-theory/IncidenceTheory/ReferenceFoundationLayered.lean	theorem LayeredPrimeTheory.future_counterexample_of_imp_not_mem	A missing implication yields an extending layered world containing its premise and omitting its conclusion.
G1-universal-future	checked	incidence-theory/IncidenceTheory/ReferenceFoundationLayered.lean	theorem LayeredPrimeTheory.future_counterexample_of_all_not_mem	A missing universal yields an extending world with a fresh bounded counter-witness.
G1-layered-truth	checked	incidence-theory/IncidenceTheory/ReferenceFoundationLayeredCanonical.lean	theorem truth	The layered varying-domain canonical model satisfies the truth lemma for constant-free formulas and bounded valuations.
G1-countermodel	checked	incidence-theory/IncidenceTheory/ReferenceFoundationLayeredCanonical.lean	theorem countermodel_of_not_derives	Every non-derivation with constant-free context and conclusion has a concrete layered Kripke countermodel.
G1-completeness	checked	incidence-theory/IncidenceTheory/CompletionCapstone.lean	theorem referenceFoundation_kripke_complete	Kripke semantic entailment implies derivability for the fixed constant-free first-order reference fragment.
G2-dependent-interpretation	checked	incidence-theory/IncidenceTheory/FoundationCompletion.lean	theorem IncDepCompletionModel.interpretTyping_sound	Total interpretation and coherence for the completion-facing dependent typing judgment.
G3-hf-model	checked	incidence-theory/IncidenceTheory/ReferenceFoundationHFModel.lean	def hfRecursiveModel	Concrete extensional hereditary-finite model of all finite-fragment axioms.
G3-finite-consistency	checked	incidence-theory/IncidenceTheory/ReferenceFoundationHFModel.lean	theorem hfReferenceFoundation_consistent	Model-relative consistency of the hereditary-finite reference fragment.
G3-infinity-model	checked	incidence-theory/IncidenceTheory/ReferenceFoundationZFModel.lean	def zfActualInfinityModel	Mathlib ZFSet model validates extensionality, empty, pairing, union, powerset, bounded separation, and actual infinity with omega.
G3-infinity-syntax	checked	incidence-theory/IncidenceTheory/ReferenceFoundationInfinity.lean	def actualInfinitySchema	Actual infinity is fixed as existence of a set containing empty and closed under von Neumann successor; it is not the finite top placeholder.
G3-infinity-consistency	checked	incidence-theory/IncidenceTheory/ReferenceFoundationZFModel.lean	theorem zfActualInfinityFoundation_consistent	The actual-infinity reference theory is consistent relative to Lean and Mathlib's extensional ZFSet construction.
G4-term-interpretation	checked	incidence-theory/IncidenceTheory/ReferenceFoundationLogic.lean	def Term.evaluate	Total interpretation of reference terms in an arbitrary certified structure.
G4-formula-interpretation	checked	incidence-theory/IncidenceTheory/ReferenceFoundationLogic.lean	def Formula.Realize	Total interpretation of reference formulas and quantifiers.
G5-proof-preservation-semantic	checked	incidence-theory/IncidenceTheory/ReferenceFoundationHFModel.lean	theorem hfReferenceFoundation_sound	Every finite-reference derivation is preserved into HF model validity.
G5-proof-preservation-inc-syntax	checked	incidence-theory/IncidenceTheory/ReferenceFoundationConservativity.lean	theorem encode_derivation_sound	Every reference derivation embeds into the Inc proof extension.
G6-conservativity	checked	incidence-theory/IncidenceTheory/ReferenceFoundationConservativity.lean	theorem encode_conservative	Closed embedded reference formulas are reflected back by a checked syntactic retraction.
G7-axiom-audit	checked	incidence-theory/CompletionAudit.lean	#print axioms hfReferenceFoundation_consistent	Verifier runs the capstone axiom report and rejects sorryAx or explicit axiom declarations.
G8-incidence-witness	checked	incidence-theory/IncidenceTheory/FoundationIncidenceWitness.lean	theorem hfReferenceIncidenceWitness_nontrivial	Nontrivial ordinal interpretation connects HF logic evaluation, incidence boundary, and bisimulation reflection.
G9-claim-gate	checked	scripts/verify-completion-claims.sh	completion claim matrix verified	Every checked matrix row must name a declaration present in its authoritative source file.
M-finite-fragment-certificate	checked	incidence-theory/IncidenceTheory/CompletionCapstone.lean	def finiteFoundationCertificate	Finite milestone only: bundles the HF model, relative consistency, conservative Inc extension, and nontrivial incidence witness.
M-complete-foundation-certificate	checked	incidence-theory/IncidenceTheory/CompletionCapstone.lean	def completeFoundationCertificate	Bundles scoped first-order Kripke completeness, the actual-infinity model and relative consistency, conservativity, and the nontrivial incidence witness.
IC1-resonance-descent	checked	incidence-theory/IncidenceTheory/IncidenceResearch.lean	theorem resonanceRelationDescendsExactly_iff	Exact descent of resonance to the bisimulation quotient is equivalent to ternary bisimulation congruence.
IC2-resonance-universal	checked	incidence-theory/IncidenceTheory/IncidenceResearch.lean	theorem bisimulationQuotientResonance_universal	Every bisimulation-invariant resonance homomorphism factors uniquely through the quotient.
IC3-finite-obstructions	checked	incidence-theory/IncidenceTheory/IncidenceResearch.lean	theorem finite_exact_resonance_descent_iff_no_obstructions	For finite carriers, exact descent is equivalent to emptiness of the finite six-representative obstruction set.
IC4-simplex-obstruction	checked	incidence-theory/IncidenceTheory/IncidenceResearch.lean	theorem simplexIncidence_finite_obstruction_nonempty	The ordinary finite simplex selector has an explicit finite resonance-descent obstruction.
IC5-coordinate-classification	checked	incidence-theory/IncidenceTheory/IncidenceResearch.lean	theorem quotientResonanceCongruent_iff_coordinatewise	Global ternary resonance congruence is equivalent to separate left, right, and output congruence.
IC6-local-finite-obstructions	checked	incidence-theory/IncidenceTheory/IncidenceResearch.lean	theorem finite_exact_descent_iff_no_local_obstructions	Finite exact descent is classified by emptiness of the reduced tagged local obstruction set.
IC7-obstruction-swap-free	checked	incidence-theory/IncidenceTheory/IncidenceResearch.lean	theorem LocalResonanceDescentCandidate.swap_ne_of_obstruction	Representative reversal is a fixed-point-free involution on local obstruction certificates.
IC8-obstruction-orbits	checked	incidence-theory/IncidenceTheory/IncidenceResearch.lean	theorem exact_descent_iff_no_local_obstruction_orbit	Exact descent is equivalent to absence of a representative-order-independent local obstruction orbit.
IC9-functional-output-necessity	checked	incidence-theory/IncidenceTheory/IncidenceResearch.lean	theorem exact_descent_forces_functional_selected_output_classes_singleton	Exact descent of graph-functional resonance forces every selected output's bisimulation class to be a singleton.
IC10-functional-selector-necessity	checked	incidence-theory/IncidenceTheory/IncidenceResearch.lean	theorem exact_descent_forces_functional_left_selector_invariance	Exact descent of graph-functional resonance forces selector invariance across bisimilar left inputs.
IC11-simplex-structural-obstruction	checked	incidence-theory/IncidenceTheory/IncidenceResearch.lean	theorem simplex_selector_obstruction_from_functionality	The simplex selector obstruction is generated by the general functional selector-disagreement theorem.
IC12-relational-descent-classification	checked	incidence-theory/IncidenceTheory/IncidenceResearch.lean	theorem resonanceRelationDescendsExactly_iff_transport_and_outputSaturated	Exact relational resonance descent is equivalent to bisimulation mode transport plus output saturation.
IC13-relational-descent-spec	checked	incidence-theory/IncidenceTheory/IncidenceResearch.lean	theorem RelationalResonanceDescentSpec.exactDescent	The bundled relational transport-and-saturation specification constructs exact quotient descent.
IC14-resonance-category-laws	checked	incidence-theory/IncidenceTheory/IncidenceResearch.lean	theorem TernaryResonanceHom.comp_assoc	Resonance-preserving morphisms have associative composition together with checked identity laws.
IC15-kernel-pair-invariance	checked	incidence-theory/IncidenceTheory/IncidenceResearch.lean	theorem equalizesBisimulationKernelPair_iff_invariant	Equalizing the bisimulation kernel-pair projections is equivalent to bisimulation invariance.
IC16-resonance-coequalizer	checked	incidence-theory/IncidenceTheory/IncidenceResearch.lean	theorem bisimulationQuotient_is_resonanceCoequalizer	The bisimulation quotient projection is the coequalizer of the kernel-pair projections in ternary resonance systems.
IC17-standard-category	checked	incidence-theory/IncidenceTheory/IncidenceResearch.lean	instance ternaryResonanceSystemCategory	Ternary resonance systems and preserving maps form a universe-polymorphic mathlib category.
IC18-standard-iscolimit	checked	incidence-theory/IncidenceTheory/IncidenceResearch.lean	def bisimulationQuotientResonanceCofork_isColimit	The quotient cofork satisfies mathlib's standard CategoryTheory IsColimit interface.
IC19-coequalizer-naturality	checked	incidence-theory/IncidenceTheory/IncidenceResearch.lean	theorem bisimulationQuotientResonanceCofork_homIso_natural	The standard coequalizer hom equivalence is natural under postcomposition.
IC20-shape-mode-positive-model	checked	incidence-theory/IncidenceTheory/IncidenceResearch.lean	theorem shapeModeSimplex_resonance_descends_exactly	The non-saturated multivalued simplex shape-mode resonance descends exactly to its three-class quotient.
IC21-shape-mode-nontriviality	checked	incidence-theory/IncidenceTheory/IncidenceResearch.lean	theorem shapeModeSimplex_is_genuinely_multivalued	The geometric shape-mode model has distinct resonance outputs for one interaction.
IC22-shape-mode-representation	checked	incidence-theory/IncidenceTheory/IncidenceResearch.lean	theorem shapeModeSimplex_quotientResonance_representation	Quotient resonance in the simplex model is represented exactly by equality with either input shape.
IC23-shape-mode-not-saturated	checked	incidence-theory/IncidenceTheory/IncidenceResearch.lean	theorem shapeModeSimplex_is_not_saturated	The geometric shape-mode relation excludes an unrelated output dimension and is not the total ternary relation.
IC24-generic-class-mode-descent	checked	incidence-theory/IncidenceTheory/IncidenceResearch.lean	theorem ClassModeQuotientSpec.exactDescent	Every selector-compatible surjective classification whose kernel is bisimulation induces exact class-mode resonance descent.
IC25-generic-class-mode-representation	checked	incidence-theory/IncidenceTheory/IncidenceResearch.lean	theorem ClassModeQuotientSpec.quotientResonance_representation	The generic class-mode quotient relation is represented exactly by equality with either input class.
IC26-simplex-general-instance	checked	incidence-theory/IncidenceTheory/IncidenceResearch.lean	theorem shapeModeSimplex_exactDescent_from_generalConstruction	The nontrivial simplex model is an instance of the generic class-mode construction.
IC27-paper-capstone	checked	incidence-theory/IncidenceTheory/IncidenceResearch.lean	def incidenceTheoryPaperCapstone	A single checked certificate bundles the paper's descent, categorical, finite-classification, generic-construction, and model results.
IC28-minimal-obstruction-existence	checked	incidence-theory/IncidenceTheory/IncidenceResearch.lean	theorem exists_supportMinimalObstruction_of_not_exact_descent	Every failure of exact descent on a finite carrier has a support-cardinality-minimal local obstruction.
IC29-sharp-simplex-obstruction	checked	incidence-theory/IncidenceTheory/IncidenceResearch.lean	theorem simplexTwoVertexLocalObstruction_isSupportMinimal	The ordinary simplex selector has a support-minimal obstruction on exactly two vertices, attaining the universal lower bound.
IC30-automorphism-invariance	checked	incidence-theory/IncidenceTheory/IncidenceResearch.lean	theorem ResonanceBisimulationAutomorphism.mapCandidate_supportMinimal	Resonance-bisimulation automorphisms preserve obstruction status, support size, and support-minimality.
IC31-automorphism-orbit-classification	checked	incidence-theory/IncidenceTheory/IncidenceResearch.lean	theorem exact_descent_iff_no_automorphism_obstruction_orbit	Exact descent is equivalent to absence of an obstructing orbit under all resonance-bisimulation automorphisms.
IC32-executable-orbit-classification	checked	incidence-theory/IncidenceTheory/IncidenceResearch.lean	theorem finiteSupportMinimalObstructionOrbits_empty_iff_exactDescent	For finite decidable models, the executable table of support-minimal automorphism orbits is empty exactly when resonance descends.
IC33-simplex-automorphism-count	checked	incidence-theory/IncidenceTheory/IncidenceResearch.lean	theorem simplex_finite_automorphism_count	Native evaluation proves that the simplex selector has exactly 12 resonance-bisimulation automorphisms.
IC34-simplex-minimal-orbit-count	checked	incidence-theory/IncidenceTheory/IncidenceResearch.lean	theorem simplex_minimal_obstruction_orbit_count	The explicit structural equivalence proves that the simplex selector has exactly 32 support-minimal obstruction orbits; native evaluation is only an independent check.
IC35-free-incidence-universal	checked	incidence-theory/IncidenceTheory/IncidenceResearch.lean	theorem freeIncidence_universal	Unit-normal binary trees give a free empty-boundary incidence: every generator map into a total-glue incidence extends uniquely to a unit-and-glue preserving morphism.
IC36-free-incidence-resonance	checked	incidence-theory/IncidenceTheory/IncidenceResearch.lean	def freeIncidenceFoldResonanceHom	The universal fold preserves the graph resonance relation and induces a resonance homomorphism.
IC37-logical-necessity-iff	checked	incidence-theory/IncidenceTheory/IncidenceResearch.lean	theorem exactDescent_iff_all_resonanceFormula_invariant	Exact quotient descent is equivalent to preservation of every resonance-sensitive propositional formula under pointwise bisimilar valuations.
IC38-atomic-counterobservation	checked	incidence-theory/IncidenceTheory/IncidenceResearch.lean	theorem observation_not_invariant_of_no_exactDescent	Every failure of exact descent is observed already by the atomic formula resonance(left,right,output).
IC39-simplex-orbit-family-partition	checked	incidence-theory/IncidenceTheory/IncidenceResearch.lean	theorem simplex_minimal_obstruction_family_partition	The 32 support-minimal simplex obstruction orbits are exhausted by five structural coordinate-and-shape families.
IC40-simplex-orbit-family-counts	checked	incidence-theory/IncidenceTheory/IncidenceResearch.lean	theorem simplex_minimal_obstruction_family_count	The five simplex obstruction families have respectively 8, 4, 4, 12, and 4 automorphism orbits.
IC41-simplex-orbit-normal-forms	checked	incidence-theory/IncidenceTheory/IncidenceResearch.lean	theorem simplex_minimal_obstruction_normal_form_classification	A coordinate, shape, distinguished-v0, and equality-pattern signature is constant on each simplex obstruction orbit, separates distinct orbits, and gives exactly 32 normal forms.
IC42-incproof-observation-translation	checked	incidence-theory/IncidenceTheory/IncidenceResearch.lean	def ResonanceFormula.toIncProof	Every valuation closes the resonance observation language into the existing ReferenceFoundation IncProof syntax.
IC43-incproof-forget-compatibility	checked	incidence-theory/IncidenceTheory/IncidenceResearch.lean	theorem ResonanceFormula.forget_toIncProof	The existing conservativity retraction forgets translated physical atoms to truth and commutes with every propositional connective.
IC44-incproof-logical-necessity	checked	incidence-theory/IncidenceTheory/IncidenceResearch.lean	theorem exactDescent_iff_all_translatedIncProof_invariant	Exact descent is equivalent to bisimulation invariance of every translated IncProof observation under any semantics agreeing with the source resonance.
IC45-presented-free-incidence	checked	incidence-theory/IncidenceTheory/IncidenceResearch.lean	def presentedFreeIncidence	Irreflexive generator boundaries and ternary resonance generators induce a genuine free Incidence with nonempty presented boundaries and relational resonance.
IC46-presented-incidence-fold	checked	incidence-theory/IncidenceTheory/IncidenceResearch.lean	def presentedIncidenceFoldHom	Every target interpretation of the boundary and resonance generators extends to a glue-, boundary-, and resonance-preserving fold.
IC47-presented-incidence-universal	checked	incidence-theory/IncidenceTheory/IncidenceResearch.lean	theorem presentedFreeIncidence_universal	The presented fold is the unique structure-preserving morphism extending the prescribed generator interpretation.
IC48-equational-glue-congruence	checked	incidence-theory/IncidenceTheory/IncidenceResearch.lean	inductive PresentedTermCongruence	Presentation equations generate the least equivalence relation closed under the unit-normal glue operation.
IC49-equational-quotient-incidence	checked	incidence-theory/IncidenceTheory/IncidenceResearch.lean	def equationalPresentedFreeIncidence	Boundary representative-independence and quotient irreflexivity suffice to construct a genuine Incidence on the equational quotient.
IC50-equational-resonance-exactness	checked	incidence-theory/IncidenceTheory/IncidenceResearch.lean	theorem presentedQuotientResonance_mk_iff	Resonance congruence makes the saturated quotient resonance agree exactly with the presented relation on representatives.
IC51-equational-fold-universal	checked	incidence-theory/IncidenceTheory/IncidenceResearch.lean	theorem equationalPresentedIncidenceFold_universal	Every target algebra satisfying the presentation equations factors uniquely through the equational quotient.
IC52-structured-incidence-fold	checked	incidence-theory/IncidenceTheory/IncidenceResearch.lean	def equationalPresentedIncidenceFoldHom	The equational quotient fold preserves unit, glue, every presented boundary endpoint, and the full relational resonance.
IC53-structured-equational-universal	checked	incidence-theory/IncidenceTheory/IncidenceResearch.lean	theorem equationalPresentedIncidenceFoldHom_universal	The structured quotient fold is the unique fully structure-preserving morphism extending the generator interpretation.
IC54-boundary-descent-criterion	checked	incidence-theory/IncidenceTheory/IncidenceResearch.lean	theorem presentedBoundary_descendsExactly_iff_congruent	Presented boundary data descends exactly to the equational quotient iff its quotient-mapped endpoint lists are representative independent.
IC55-quotient-boundary-well-founded-criterion	checked	incidence-theory/IncidenceTheory/IncidenceResearch.lean	theorem presentedQuotientBoundary_wellFounded_iff_irreflexive	The descended quotient boundary is well founded exactly when no quotient endpoint becomes its own source class.
IC56-presented-resonance-descent-criterion	checked	incidence-theory/IncidenceTheory/IncidenceResearch.lean	theorem presentedResonance_descendsExactly_iff_congruent	Presented ternary resonance descends exactly to the equational quotient iff the generated equation relation is a resonance congruence.
IC57-equational-quotient-admissibility	checked	incidence-theory/IncidenceTheory/IncidenceResearch.lean	theorem equationalPresentationQuotientAdmissible_iff	A single certificate characterizes simultaneous exact boundary descent, quotient well-foundedness, and exact resonance descent.
IC58-abstract-congruence-quotient	checked	incidence-theory/IncidenceTheory/IncidenceResearch.lean	def CongruencedTernaryResonanceSystem.quotientSystem	Every ternary resonance system bundled with a relation congruence has an exact quotient resonance system.
IC59-congruence-reflection-factor	checked	incidence-theory/IncidenceTheory/IncidenceResearch.lean	def congruenceQuotientResonanceLift	Every congruence-invariant resonance homomorphism factors through the abstract quotient projection.
IC60-congruence-reflection-universal	checked	incidence-theory/IncidenceTheory/IncidenceResearch.lean	def ternaryCongruenceQuotientReflection	The quotient projection, factorization, commuting triangle, and uniqueness form an objectwise reflection certificate.
IC61-incidence-reflection-instance	checked	incidence-theory/IncidenceTheory/IncidenceResearch.lean	def incidenceBisimulationQuotientReflection	Every resonance-congruent incidence bisimulation quotient is an instance of the abstract ternary-congruence reflection.
IC62-graded-incidence-family	checked	incidence-theory/IncidenceTheory/IncidenceResearch.lean	structure GradedIncidenceQuotientSpec	Behaviorally complete cell gradings uniformly induce exact class-mode quotient models.
IC63-graded-quotient-representation	checked	incidence-theory/IncidenceTheory/IncidenceResearch.lean	theorem GradedIncidenceQuotientSpec.quotientResonance_representation	Every graded family quotient is represented by the relation outputGrade equals leftGrade or rightGrade.
IC64-graded-map-functoriality	checked	incidence-theory/IncidenceTheory/IncidenceResearch.lean	theorem GradedIncidenceMap.comp_toResonanceHom	Grade-preserving maps induce resonance homomorphisms compatibly with identities and composition.
IC65-simplex-graded-family-instance	checked	incidence-theory/IncidenceTheory/IncidenceResearch.lean	theorem shapeModeSimplex_exactDescent_from_gradedFamily	The vertex-edge-face simplex model is an instance of the functorial graded incidence family.
IC66-congruenced-resonance-category	checked	incidence-theory/IncidenceTheory/IncidenceResearch.lean	instance congruencedTernaryResonanceSystemCategory	Congruenced ternary resonance systems and relation-preserving resonance homomorphisms form a mathlib category.
IC67-congruence-quotient-functor	checked	incidence-theory/IncidenceTheory/IncidenceResearch.lean	def congruenceQuotientFunctor	Taking the exact ternary congruence quotient is functorial.
IC68-equality-congruence-embedding	checked	incidence-theory/IncidenceTheory/IncidenceResearch.lean	def equalityCongruenceEmbedding	Ordinary ternary resonance systems embed functorially as systems equipped with equality congruence.
IC69-congruence-quotient-adjunction	checked	incidence-theory/IncidenceTheory/IncidenceResearch.lean	def congruenceQuotientAdjunction	The congruence quotient functor is left adjoint to the equality-congruence embedding via a natural hom-set equivalence.
IC70-path-graded-family-instance	checked	incidence-theory/IncidenceTheory/IncidenceResearch.lean	def pathGradedIncidenceQuotientSpec	The infinite simplicial path has exactly node and edge bisimulation grades and is a second conventional graded-family instance, independent of finite enumeration.
IC71-bounded-graded-boundary-kernel	checked	incidence-theory/IncidenceTheory/IncidenceResearch.lean	theorem BoundedGradedBoundaryProfile.grade_iff_approxBisim	Codimension-one boundary descent, positive-cell nonemptiness, and homogeneous boundary profiles force bounded dimension equality to coincide exactly with bisimulation.
IC72-bounded-graded-automatic-quotient	checked	incidence-theory/IncidenceTheory/IncidenceResearch.lean	def BoundedGradedBoundaryProfile.toGradedIncidenceQuotientSpec	Every bounded graded boundary profile automatically induces an exact graded incidence quotient.
IC73-standard-simplicial-incidence	checked	incidence-theory/IncidenceTheory/IncidenceResearch.lean	def FiniteSimplicialComplex.incidence	Every downward-closed family of nonempty finite vertex sets, with a chosen unit cell, carries a genuine codimension-one simplicial Incidence.
IC74-simplicial-dimension-classification	checked	incidence-theory/IncidenceTheory/IncidenceResearch.lean	theorem FiniteSimplicialComplex.dimension_iff_approxBisim	For every standard abstract simplicial complex, two cells are bisimilar exactly when their dimensions agree.
IC75-simplicial-family-exact-quotient	checked	incidence-theory/IncidenceTheory/IncidenceResearch.lean	def FiniteSimplicialComplex.gradedQuotientSpec	Every standard abstract simplicial complex automatically yields a represented-dimension graded quotient with exact class-mode resonance descent.
IC76-simplex-structural-orbit-arithmetic	checked	incidence-theory/IncidenceTheory/IncidenceResearch.lean	theorem simplex_structural_orbit_count	The five minimal-obstruction families have structural pattern counts 2+2+4, 4, 2+2, 3*4, and 4, whose sum is proved to be 32 without native enumeration.
IC77-simplex-structural-orbit-parameters	checked	incidence-theory/IncidenceTheory/IncidenceResearch.lean	def simplexStructuralCanonicalOrbit	An explicit 32-element structural parameter type selects canonical obstruction candidates and maps each to its concrete simplex automorphism orbit.
IC78-functional-either-output-obstructions	checked	incidence-theory/IncidenceTheory/IncidenceResearch.lean	theorem functional_left_selector_disagreement_obstructs_at_either_output	A functional selector disagreement yields an input obstruction when either distinct selected output is used as the test mode; symmetric right-input and output-coordinate theorems are also proved.
IC79-two-support-minimality	checked	incidence-theory/IncidenceTheory/IncidenceResearch.lean	theorem LocalResonanceDescentCandidate.isSupportMinimal_of_pair	Every obstruction whose two fixed slots lie among its distinct representative pair has support exactly two and is automatically support-minimal.
IC80-canonical-fixed-slot-pair	checked	incidence-theory/IncidenceTheory/IncidenceResearch.lean	theorem simplexStructuralCanonicalCandidate_fixedSlots_mem_pair	For every one of the 32 structural parameters, both canonical fixed slots lie in its ordered representative pair, without enumerating parameter values.
IC81-simplex-output-pair-obstruction	checked	incidence-theory/IncidenceTheory/IncidenceResearch.lean	theorem simplex_output_pair_obstructs	Any two distinct same-shape simplex representatives and any two fixed slots chosen from that pair generate an output-coordinate obstruction.
IC82-canonical-structural-obstructions	checked	incidence-theory/IncidenceTheory/IncidenceResearch.lean	theorem simplexStructuralCanonicalCandidate_isObstruction	Every one of the 32 structural parameters produces a genuine simplex local obstruction, proved through selector equations and pair lemmas rather than candidate enumeration.
IC83-canonical-structural-minimality	checked	incidence-theory/IncidenceTheory/IncidenceResearch.lean	theorem simplexStructuralCanonicalCandidate_isSupportMinimal	Every structural canonical obstruction has support exactly two and is support-minimal.
IC84-structural-to-minimal-orbit-map	checked	incidence-theory/IncidenceTheory/IncidenceResearch.lean	def simplexStructuralMinimalOrbitMap	The explicit 32-element structural parameter space maps totally into the subtype of computed support-minimal simplex automorphism orbits.
IC85-structural-orbit-map-injective	checked	incidence-theory/IncidenceTheory/IncidenceResearch.lean	theorem simplexStructuralMinimalOrbitMap_injective	Canonical normal-form injectivity and orbitwise normal-form constancy prove that distinct structural parameters determine distinct minimal automorphism orbits.
IC86-card-assisted-structural-orbit-equivalence	checked	incidence-theory/IncidenceTheory/IncidenceResearch.lean	def simplexStructuralMinimalOrbitEquiv	Using injectivity and the previously computed target cardinality 32, the structural parameter map is packaged as an equivalence with the minimal-orbit subtype.
IC87-all-minimal-simplex-support-two	checked	incidence-theory/IncidenceTheory/IncidenceResearch.lean	theorem simplex_support_card_eq_two_of_supportMinimal	Every support-minimal simplex obstruction has support cardinality exactly two, derived from a structural size-two witness and the universal lower bound.
IC88-all-minimal-simplex-binary-pattern	checked	incidence-theory/IncidenceTheory/IncidenceResearch.lean	theorem simplex_supportMinimal_fixedSlots_mem_pair	Every support-minimal simplex obstruction has both fixed slots among its two representatives; its distinct representative pair has vertex or edge shape, never face shape.
IC89-simplex-pair-transitivity	checked	incidence-theory/IncidenceTheory/IncidenceResearch.lean	theorem simplex_edge_pair_automorphism	Every ordered distinct edge pair is carried to e01,e02 by a resonance-bisimulation automorphism; the companion vertex theorem gives the three distinguished-unit orbit types.
IC90-structural-pattern-inverse	checked	incidence-theory/IncidenceTheory/IncidenceResearch.lean	theorem exists_simplexFixedSlotPattern_eq_of_mem_pair	Every ordered pair of fixed slots drawn from two representatives is encoded by one of the four structural Fin patterns.
IC91-coordinatewise-structural-normalization	checked	incidence-theory/IncidenceTheory/IncidenceResearch.lean	theorem simplex_right_supportMinimal_structural_normalization	The left, right, and output coordinate theorems normalize every support-minimal candidate into exactly one of the eight structural parameter summands without orbit-cardinality input.
IC92-all-minimal-structural-normalization	checked	incidence-theory/IncidenceTheory/IncidenceResearch.lean	theorem simplex_supportMinimal_structural_normalization	Every support-minimal simplex obstruction is carried by an explicit resonance automorphism to a canonical structural obstruction.
IC93-card-independent-orbit-surjectivity	checked	incidence-theory/IncidenceTheory/IncidenceResearch.lean	theorem simplexStructuralMinimalOrbitMap_surjective_without_card	Every computed minimal obstruction orbit has a structural parameter preimage, without using the previously computed target cardinality.
IC94-nonenumerative-simplex-orbit-count	checked	incidence-theory/IncidenceTheory/IncidenceResearch.lean	theorem simplex_minimal_obstruction_orbit_count	The 32 minimal simplex obstruction orbits follow from the explicit structural equivalence and arithmetic parameter count rather than native orbit enumeration.
IC95-incidence-core-definition	checked	incidence-theory/IncidenceTheory/Axioms.lean	structure Incidence	The core incidence carrier bundles boundary, typing, glue, ternary resonance, unit, and their structural laws.
IC96-ternary-resonance-system	checked	incidence-theory/IncidenceTheory/IncidenceResearch.lean	structure TernaryResonanceSystem	The paper-facing category separates a carrier and ternary resonance relation from the underlying incidence presentation.
IC97-exact-descent-uniqueness	checked	incidence-theory/IncidenceTheory/IncidenceResearch.lean	theorem exact_descended_resonance_unique_without_assumption	Any relation exact on quotient representatives is equal to the canonical quotient resonance relation.
IC98-nat-sum-obstruction	checked	incidence-theory/IncidenceTheory/IncidenceResearch.lean	theorem natSum_has_no_exact_resonance_quotient	The coproduct of two natural-number incidence structures is an explicit negative exact-descent model.
IC99-saturated-simplex-positive-model	checked	incidence-theory/IncidenceTheory/IncidenceResearch.lean	theorem saturatedSimplex_resonance_descends_exactly	The saturated seven-cell simplex has exact descent, three shape classes, and is non-faithful as witnessed by companion checked theorems.
IC100-paper-theorem-index-gate	checked	scripts/verify-paper-theorem-index.sh	paper theorem index verified	All 29 numbered paper-spine items map consecutively to checked claim IDs and explicit scope boundaries, and CI verifies the mapping through verify.sh.
IC101-categorical-incidence-hypergraph	checked	incidence-theory/IncidenceTheory/IncidenceResearch.lean	def incidenceBoundaryHypergraph	Every Incidence boundary determines a three-sorted categorical incidence hypergraph whose incidence points are concrete endpoint occurrences.
IC102-structured-hom-hypergraph-map	checked	incidence-theory/IncidenceTheory/IncidenceResearch.lean	def StructuredIncidenceHom.toCategoricalIncidenceHypergraphHom	Every boundary-preserving structured incidence morphism induces commuting vertex, edge, and incidence maps.
IC103-hypergraph-encoding-functoriality	checked	incidence-theory/IncidenceTheory/IncidenceResearch.lean	theorem StructuredIncidenceHom.toHypergraphHom_comp	The boundary-hypergraph encoding preserves identity and composition; it explicitly forgets roles, signs, multiplicities, glue, and resonance.
IC104-chemical-reaction-incidence	checked	incidence-theory/IncidenceTheory/IncidenceResearch.lean	def chemicalReactionIncidence	A reversible A-to-B reaction network is represented by signed reactant/product boundary occurrences, a solvent unit, selector glue, and an independent relational resonance.
IC105-chemical-behavioral-classification	checked	incidence-theory/IncidenceTheory/IncidenceResearch.lean	theorem chemicalReactionKind_iff_approxBisim	Two cells in the reaction network are bisimilar exactly when both are molecular cells or both are reaction cells.
IC106-chemical-exact-descent	checked	incidence-theory/IncidenceTheory/IncidenceResearch.lean	theorem chemicalReaction_resonance_descends_exactly	The relational reaction-network resonance descends exactly to the molecule/reaction behavioral quotient.
IC107-chemical-model-nontriviality	checked	incidence-theory/IncidenceTheory/IncidenceResearch.lean	theorem chemicalReaction_model_nonfaithful_and_multivalued	The model is non-faithful and a forward/reverse reaction pair has two distinct molecular resonance outputs.
IC108-sum-control-universal-factorization	checked	incidence-theory/IncidenceTheory/SumQuotient.lean	theorem sumQuotientControl_iff_classifier_factorsUniquely	The exact sum representative-control certificate is equivalent to unique factorization of its canonical classifier through the bisimulation quotient.
IC109-sum-quotient-image-isomorphism	checked	incidence-theory/IncidenceTheory/SumQuotientImage.lean	noncomputable def sumBisimulationQuotientIsoClassifierImage	Under control, the sum bisimulation quotient is isomorphic as a ternary resonance system to the reachable canonical-classifier image.
IC110-sum-quotient-natural-isomorphism	checked	incidence-theory/IncidenceTheory/SumQuotientNaturality.lean	noncomputable def controlledSumQuotientClassifierImageNatIso	On the category of controlled sums and resonance/bisimulation-preserving maps, quotient and reachable-classifier-image functors are naturally isomorphic.
IC111-quotient-relation-presentation	checked	incidence-theory/IncidenceTheory/IncidenceResearch.lean	structure QuotientRelationPresentation	Any ternary relation specified directly on the behavioral quotient and containing selected glue outputs pulls back to an Incidence resonance with unchanged boundary, type, glue, and bisimulation.
IC112-quotient-relation-automatic-descent	checked	incidence-theory/IncidenceTheory/IncidenceResearch.lean	theorem QuotientRelationPresentation.exactDescent	Every quotient-relation presentation has three-coordinate resonance congruence and exact descent by construction.
IC113-bisimulation-resonance-saturation	checked	incidence-theory/IncidenceTheory/IncidenceResearch.lean	def bisimulationResonanceSaturation	Every Incidence has a canonical resonance extension obtained by pulling its existential quotient resonance back to representatives.
IC114-bisimulation-saturation-minimality	checked	incidence-theory/IncidenceTheory/IncidenceResearch.lean	theorem bisimulationResonanceSaturation_least	The canonical saturation is the least ternary relation containing the source resonance that is congruent in all three coordinates under source bisimulation.
IC115-bisimulation-saturation-closure	checked	incidence-theory/IncidenceTheory/IncidenceResearch.lean	theorem bisimulationResonanceSaturation_idempotent	Canonical saturation is extensive, fixes exactly the already quotient-congruent resonances, and is idempotent.
IC116-bisimulation-saturation-strict-witness	checked	incidence-theory/IncidenceTheory/IncidenceResearch.lean	theorem simplex_bisimulationResonanceSaturation_strict	On the ordinary simplex selector, canonical saturation strictly adds the missing v1-face-face mode forced by v0/v1 bisimilarity.
IC117-resonance-extension-order	checked	incidence-theory/IncidenceTheory/ResonanceSaturation.lean	instance ResonanceExtension.partialOrder	Resonance relations over a fixed incidence skeleton that contain all selected glue outputs form a partial order under pointwise inclusion.
IC118-resonance-saturation-monotone	checked	incidence-theory/IncidenceTheory/ResonanceSaturation.lean	theorem ResonanceExtension.saturate_mono	Bisimulation-congruence saturation is monotone with respect to inclusion of resonance extensions.
IC119-resonance-saturation-closure-operator	checked	incidence-theory/IncidenceTheory/ResonanceSaturation.lean	def resonanceSaturationClosure	Saturation is packaged as a standard mathlib ClosureOperator with checked monotonicity, extensivity, and idempotence.
IC120-resonance-saturation-closed-characterization	checked	incidence-theory/IncidenceTheory/ResonanceSaturation.lean	theorem resonanceSaturationClosure_isClosed_iff	The closed objects of the saturation operator are exactly the resonance extensions satisfying full three-coordinate quotient congruence.
IC121-resonance-saturation-reflection	checked	incidence-theory/IncidenceTheory/ResonanceSaturation.lean	def resonanceSaturationReflection	Saturation and inclusion of closed resonance extensions form a Galois insertion, giving the reflector and its order-enriched universal property.
IC122-global-resonance-category	checked	incidence-theory/IncidenceTheory/GlobalResonanceSaturation.lean	instance globalResonanceObjectCategory	For each fixed role type, incidences with varying carriers and cell types and structure/bisimulation-preserving maps form a category.
IC123-global-saturation-functor	checked	incidence-theory/IncidenceTheory/GlobalResonanceSaturation.lean	def globalResonanceSaturationFunctor	Canonical saturation is functorial for carrier-changing structured maps that preserve bisimulation.
IC124-global-saturation-unit-idempotence	checked	incidence-theory/IncidenceTheory/GlobalResonanceSaturation.lean	def globalResonanceSaturationIdempotenceIso	The global saturation functor has a natural unit and its square is naturally isomorphic to itself.
IC125-global-saturation-adjunction	checked	incidence-theory/IncidenceTheory/GlobalResonanceSaturation.lean	def globalResonanceSaturationAdjunction	The saturation functor into quotient-congruent objects is left adjoint to their inclusion into all global resonance objects.
IC126-global-saturation-unique-factorization	checked	incidence-theory/IncidenceTheory/GlobalResonanceSaturation.lean	theorem globalResonanceSaturation_factorization_unique	Every map from an incidence into a quotient-congruent target factors uniquely through the natural saturation unit.
IC127-global-saturation-carrier-change-witness	checked	incidence-theory/IncidenceTheory/GlobalResonanceSaturation.lean	theorem unitToBoolGlobalResonanceHom_not_surjective	A concrete non-surjective morphism from the one-point to the two-point trivial incidence witnesses that the global category and saturation action genuinely change carriers.
IC128-role-changing-exact-boundary-category	checked	incidence-theory/IncidenceTheory/RoleChangingResonanceSaturation.lean	instance roleChangingResonanceObjectCategory	Incidences with varying carriers, roles, and cell types and morphisms reflecting as well as preserving every mapped boundary occurrence form a category.
IC129-role-changing-saturation-functor	checked	incidence-theory/IncidenceTheory/RoleChangingResonanceSaturation.lean	def roleChangingSaturationFunctor	Canonical resonance saturation is functorial under role-, type-, and carrier-changing exact-boundary morphisms.
IC130-role-changing-saturation-idempotence	checked	incidence-theory/IncidenceTheory/RoleChangingResonanceSaturation.lean	def roleChangingSaturationIdempotenceIso	The role-changing saturation functor has a natural unit and satisfies Sat squared naturally isomorphic to Sat.
IC131-role-changing-saturation-adjunction	checked	incidence-theory/IncidenceTheory/RoleChangingResonanceSaturation.lean	def roleChangingSaturationAdjunction	Saturation into quotient-congruent incidences is left adjoint to inclusion in the role-changing exact-boundary category.
IC132-role-changing-saturation-factorization	checked	incidence-theory/IncidenceTheory/RoleChangingResonanceSaturation.lean	theorem roleChangingSaturation_factorization_unique	Every role-changing exact-boundary map into a congruent target factors uniquely through saturation.
IC133-role-changing-nontrivial-witness	checked	incidence-theory/IncidenceTheory/RoleChangingResonanceSaturation.lean	theorem unitGraphToBoolUnitExactHom_changes_role_and_carrier	A concrete exact-boundary morphism changes GraphRole to Unit and maps a one-point carrier non-surjectively into a two-point carrier.
IC134-boundary-surjective-category	checked	incidence-theory/IncidenceTheory/BoundarySurjectiveSaturation.lean	instance boundarySurjectiveResonanceObjectCategory	Role-changing exact morphisms that cover every target boundary occurrence globally are closed under identity and composition and form a category.
IC135-boundary-surjective-saturation-functor	checked	incidence-theory/IncidenceTheory/BoundarySurjectiveSaturation.lean	def boundarySurjectiveSaturationFunctor	Canonical saturation preserves global boundary-occurrence coverage and is functorial in the boundary-surjective category.
IC136-boundary-surjective-idempotence	checked	incidence-theory/IncidenceTheory/BoundarySurjectiveSaturation.lean	def boundarySurjectiveSaturationIdempotenceIso	Boundary-surjective saturation has a natural unit and satisfies Sat squared naturally isomorphic to Sat.
IC137-boundary-surjective-adjunction	checked	incidence-theory/IncidenceTheory/BoundarySurjectiveSaturation.lean	def boundarySurjectiveSaturationAdjunction	Saturation is left adjoint to inclusion of quotient-congruent objects even under global boundary-occurrence surjectivity.
IC138-boundary-surjective-factorization	checked	incidence-theory/IncidenceTheory/BoundarySurjectiveSaturation.lean	theorem boundarySurjectiveSaturation_factorization_unique	Every globally boundary-surjective map into a congruent target factors uniquely through the saturation unit.
IC139-boundary-surjective-nontrivial-witness	checked	incidence-theory/IncidenceTheory/BoundarySurjectiveSaturation.lean	theorem unitGraphToBoolUnitBoundarySurjectiveHom_nontrivial	The role-changing one-point-to-two-point morphism remains carrier-nonsurjective while covering every target boundary occurrence.
IC140-carrier-surjective-category	checked	incidence-theory/IncidenceTheory/CarrierSurjectiveSaturation.lean	instance carrierSurjectiveResonanceObjectCategory	Role-changing exact-boundary morphisms that are surjective on both carriers and all target boundary occurrences form a category.
IC141-carrier-surjective-saturation-functor	checked	incidence-theory/IncidenceTheory/CarrierSurjectiveSaturation.lean	def carrierSurjectiveSaturationFunctor	Canonical saturation preserves carrier and boundary surjectivity and defines an endofunctor on the strongest morphism category.
IC142-carrier-surjective-idempotence	checked	incidence-theory/IncidenceTheory/CarrierSurjectiveSaturation.lean	def carrierSurjectiveSaturationIdempotenceIso	Carrier-surjective saturation has a natural unit and satisfies Sat squared naturally isomorphic to Sat.
IC143-carrier-surjective-adjunction	checked	incidence-theory/IncidenceTheory/CarrierSurjectiveSaturation.lean	def carrierSurjectiveSaturationAdjunction	Saturation remains left adjoint to inclusion of congruent objects when all carrier points and boundary occurrences must be covered.
IC144-carrier-surjective-factorization	checked	incidence-theory/IncidenceTheory/CarrierSurjectiveSaturation.lean	theorem carrierSurjectiveSaturation_factorization_unique	Every carrier- and boundary-surjective morphism into a congruent target factors uniquely through saturation.
IC145-carrier-surjective-nontrivial-witness	checked	incidence-theory/IncidenceTheory/CarrierSurjectiveSaturation.lean	theorem boolGraphToUnitUnitCarrierSurjectiveHom_surjective_not_injective	A concrete role-changing map from the two-point GraphRole incidence onto the one-point Unit-role incidence is surjective but noninjective.
IC146-saturation-positive-logic-preservation	checked	incidence-theory/IncidenceTheory/SaturationLogic.lean	theorem ResonanceFormula.realize_saturation_of_positive	Truth, falsity, resonance atoms, conjunction, and disjunction are preserved from every resonance model into its saturation.
IC147-saturation-full-logic-conservativity	checked	incidence-theory/IncidenceTheory/SaturationLogic.lean	theorem all_formula_saturation_conservative_iff	Saturation preserves and reflects every formula including implication exactly when the source resonance is quotient-congruent.
IC148-saturation-invariance-conservativity	checked	incidence-theory/IncidenceTheory/SaturationLogic.lean	theorem all_formula_bisimulationInvariant_iff_saturation_conservative	All source formulas are bisimulation invariant exactly when saturation is conservative for all formulas.
IC149-saturation-internal-logic-completeness	checked	incidence-theory/IncidenceTheory/SaturationLogic.lean	theorem saturation_all_formula_bisimulationInvariant	Every resonance formula is bisimulation invariant in the saturated model.
IC150-saturation-logic-strict-witness	checked	incidence-theory/IncidenceTheory/SaturationLogic.lean	theorem simplex_saturation_logic_strict	The simplex observation atom is false before saturation and true after saturation at the v1-face-face valuation.
IC151-saturation-incproof-positive-preservation	checked	incidence-theory/IncidenceTheory/SaturationLogic.lean	theorem ResonanceFormula.toIncProof_saturation_of_positive	Positive-fragment preservation transfers through the existing resonance-to-IncProof translation under explicit semantic agreement hypotheses.
IC152-saturation-incproof-conservativity	checked	incidence-theory/IncidenceTheory/SaturationLogic.lean	theorem all_translatedIncProof_saturation_conservative_iff	Full translated IncProof semantic conservativity under saturation is equivalent to quotient congruence of the source resonance.
IC153-dependent-saturation-completion-transfer	checked	incidence-theory/IncidenceTheory/DependentSaturation.lean	noncomputable def IncDepRawNormalizedResonanceCompletion.saturate	Every existing normalized dependent resonance completion transfers to the saturated incidence with structural preservation unchanged.
IC154-dependent-saturation-resonance-fixed	checked	incidence-theory/IncidenceTheory/DependentSaturation.lean	theorem IncDepRawNormalizedResonanceCompletion.saturation_resonance_iff	A normalized completion's quotient-congruence field proves that its source and saturated resonance relations coincide pointwise.
IC155-dependent-saturation-renaming-preservation	checked	incidence-theory/IncidenceTheory/DependentSaturation.lean	theorem IncDepRawNormalizedResonanceCompletion.saturate_renameTyping	Normalized formation/typing renaming results are definitionally unchanged by saturation.
IC156-dependent-saturation-substitution-preservation	checked	incidence-theory/IncidenceTheory/DependentSaturation.lean	theorem IncDepRawNormalizedResonanceCompletion.saturate_substituteTyping	Normalized formation/typing substitution results are definitionally unchanged by saturation.
IC157-dependent-saturation-semantic-interpreter	checked	incidence-theory/IncidenceTheory/DependentSaturation.lean	theorem IncDepSaturationCompletion.saturate_interpretTyping	The completed dependent typing interpreter produces exactly the same semantic result before and after saturation.
IC158-dependent-saturation-semantic-soundness	checked	incidence-theory/IncidenceTheory/DependentSaturation.lean	theorem IncDepSaturationCompletion.saturate_interpretTyping_sound	The canonical semantic substitution-coherence theorem remains valid for the saturated dependent completion.
IC159-dependent-saturation-nat-witness	checked	incidence-theory/IncidenceTheory/DependentSaturation.lean	theorem natDependentCompletion_saturation_resonance_iff	The natural-number normalized dependent completion concretely witnesses pointwise resonance fixedness under saturation.
IC160-saturation-resonance-spec-preservation	checked	incidence-theory/IncidenceTheory/AssociativeSaturation.lean	def saturationResonanceSpec	Saturation preserves resonance symmetry, left/right units, and type compatibility for every ResonanceSpec.
IC161-saturation-associativity-preservation	checked	incidence-theory/IncidenceTheory/AssociativeSaturation.lean	def saturationAssociativeResonanceSpec	Relational associativity is preserved by saturation whenever source resonance modes transport along bisimilar input representatives.
IC162-saturatable-dependent-completion	checked	incidence-theory/IncidenceTheory/AssociativeSaturation.lean	structure IncDepRawSaturatableResonanceCompletion	Structural preservation, resonance laws, associativity, and bisimulation mode transport are sufficient source data for saturation into a normalized dependent completion.
IC163-saturatable-dependent-completion-construction	checked	incidence-theory/IncidenceTheory/AssociativeSaturation.lean	noncomputable def IncDepRawSaturatableResonanceCompletion.saturate	Saturation automatically supplies the missing quotient congruence while preserving all other dependent completion fields.
IC164-bool-trivial-transport-associativity	checked	incidence-theory/IncidenceTheory/AssociativeSaturation.lean	def boolTrivialSaturatableResonanceCompletion	The two-point trivial incidence is symmetric, unital, type-compatible, associative, and transports modes under its total bisimulation.
IC165-bool-trivial-noncongruence	checked	incidence-theory/IncidenceTheory/AssociativeSaturation.lean	theorem boolTrivialResonance_not_quotientCongruent	The two-point trivial functional resonance is not quotient-congruent because its selected output class is not output-saturated.
IC166-bool-trivial-strict-associative-saturation	checked	incidence-theory/IncidenceTheory/AssociativeSaturation.lean	theorem boolTrivial_saturation_strict_and_associative	Saturation strictly adds the true-true-false mode while retaining associativity and producing a normalized dependent completion.
IC167-quotient-resonance-associativity	checked	incidence-theory/IncidenceTheory/QuotientAssociativity.lean	def QuotientResonanceAssociative	Associativity is formulated directly for the existential resonance relation on the behavioral quotient without assuming representative congruence.
IC168-saturation-associativity-exact-criterion	checked	incidence-theory/IncidenceTheory/QuotientAssociativity.lean	theorem saturation_associative_iff_quotientResonanceAssociative	Saturated resonance is associative exactly when the original existential quotient resonance is associative.
IC169-quotient-associativity-to-saturation	checked	incidence-theory/IncidenceTheory/QuotientAssociativity.lean	def saturationAssociativeResonanceSpecOfQuotient	A quotient-level associativity proof constructs relational associativity on the saturated carrier by choosing representatives of intermediate quotient modes.
IC170-transport-implies-quotient-associativity	checked	incidence-theory/IncidenceTheory/QuotientAssociativity.lean	theorem quotientResonanceAssociative_of_transport	Source associativity plus bisimulation mode transport implies quotient-level associativity, connecting the sufficient criterion to the exact criterion.
IC171-quotient-associative-dependent-completion	checked	incidence-theory/IncidenceTheory/QuotientAssociativity.lean	structure IncDepRawQuotientAssociativeCompletion	Structural preservation, source resonance laws, and quotient-level associativity are sufficient data for a normalized saturated dependent completion.
IC172-quotient-associative-completion-construction	checked	incidence-theory/IncidenceTheory/QuotientAssociativity.lean	noncomputable def IncDepRawQuotientAssociativeCompletion.saturate	The quotient-associative source bundle saturates to a quotient-congruent associative normalized dependent completion.
IC173-saturation-associativity-obstruction	checked	incidence-theory/IncidenceTheory/AssociativityObstruction.lean	def SaturationAssociativityCandidate.IsObstruction	A directional four-value certificate records a saturated two-step resonance chain whose opposite parenthesization has no intermediate mode.
IC174-saturation-associativity-obstruction-completeness	checked	incidence-theory/IncidenceTheory/AssociativityObstruction.lean	theorem no_saturationAssociativityObstruction_iff_associative	Saturated resonance is associative exactly when no directional associativity obstruction certificate exists.
IC175-quotient-associativity-obstruction-completeness	checked	incidence-theory/IncidenceTheory/AssociativityObstruction.lean	theorem no_saturationAssociativityObstruction_iff_quotientAssociative	The same obstruction absence is equivalent to associativity of the existential quotient resonance.
IC176-finite-associativity-obstruction-table	checked	incidence-theory/IncidenceTheory/AssociativityObstruction.lean	noncomputable def finiteSaturationAssociativityObstructions	For every finite carrier, all directional saturation-associativity obstruction candidates form a finite table.
IC177-finite-associativity-obstruction-decision	checked	incidence-theory/IncidenceTheory/AssociativityObstruction.lean	theorem finiteSaturationAssociativityObstructions_empty_iff	The finite obstruction table is empty exactly when quotient resonance, equivalently saturated resonance, is associative.
IC178-bool-associativity-obstruction-empty	checked	incidence-theory/IncidenceTheory/AssociativityObstruction.lean	theorem boolTrivial_finiteSaturationAssociativityObstructions_empty	The two-point strict saturation example has no associativity obstruction certificate.
IC179-executable-saturation-checker-interface	checked	incidence-theory/IncidenceTheory/ExecutableAssociativityObstruction.lean	structure ExecutableSaturationPresentation	Exact Boolean checkers for bisimulation and source resonance provide the finite computational interface for saturation.
IC180-executable-saturation-checker-correctness	checked	incidence-theory/IncidenceTheory/ExecutableAssociativityObstruction.lean	theorem ExecutableSaturationPresentation.saturationCheck_eq_true	The nested finite Boolean search recognizes exactly the modes of canonical bisimulation saturation.
IC181-executable-associativity-chain-checkers	checked	incidence-theory/IncidenceTheory/ExecutableAssociativityObstruction.lean	theorem ExecutableSaturationPresentation.leftChainCheck_eq_true	The executable left and right intermediate-mode searches exactly recognize their corresponding saturated two-step chains.
IC182-executable-associativity-obstruction-checker	checked	incidence-theory/IncidenceTheory/ExecutableAssociativityObstruction.lean	theorem ExecutableSaturationPresentation.obstructionCheck_eq_true	The directional Boolean obstruction checker is true exactly for semantic associativity obstruction certificates.
IC183-executable-associativity-obstruction-table	checked	incidence-theory/IncidenceTheory/ExecutableAssociativityObstruction.lean	def ExecutableSaturationPresentation.obstructionTable	All checked candidates are collected by a fully executable finite filter.
IC184-executable-associativity-decision	checked	incidence-theory/IncidenceTheory/ExecutableAssociativityObstruction.lean	theorem ExecutableSaturationPresentation.obstructionTable_empty_iff	The executable table is empty exactly when quotient resonance is associative.
IC185-bool-native-associativity-decision	checked	incidence-theory/IncidenceTheory/ExecutableAssociativityObstruction.lean	theorem boolTrivial_executable_obstructionTable_empty	Native evaluation verifies that the two-point strict-saturation obstruction table is empty.
IC186-free-unit-interaction-incidence	checked	incidence-theory/IncidenceTheory/TernaryInteractionRepresentation.lean	noncomputable def ternaryInteractionIncidence	Every small ternary relational system has a canonical empty-boundary Incidence representation after freely adjoining a unit.
IC187-ternary-interaction-exact-data	checked	incidence-theory/IncidenceTheory/TernaryInteractionRepresentation.lean	theorem ternaryInteractionIncidence_resonance_some_iff	The represented resonance restricted to the original data sector is exactly the source ternary relation, with preservation and reflection.
IC188-ternary-interaction-functor	checked	incidence-theory/IncidenceTheory/TernaryInteractionRepresentation.lean	noncomputable def ternaryInteractionRepresentationFunctor	Relation-preserving maps extend functorially to carrier-changing structured Incidence maps.
IC189-ternary-interaction-faithful	checked	incidence-theory/IncidenceTheory/TernaryInteractionRepresentation.lean	instance ternaryInteractionRepresentationFunctorFaithful	The representation functor is faithful: distinct ternary-system morphisms remain distinct after Incidence representation.
IC190-ternary-interaction-recovery	checked	incidence-theory/IncidenceTheory/TernaryInteractionRepresentation.lean	theorem ternaryInteractionRepresentationTheorem	Restricting a represented Incidence to its nonunit sector recovers the original ternary system up to a checked categorical isomorphism.
IC191-category-composition-system	checked	incidence-theory/IncidenceTheory/CategoryInteractionRepresentation.lean	def categoryCompositionSystem	Every small category determines a ternary relational system whose carrier is the category's endpoint-tagged arrows and whose relation is composition.
IC192-category-composition-exact	checked	incidence-theory/IncidenceTheory/CategoryInteractionRepresentation.lean	theorem categoryCompositionRelation_ofHom_iff	For any composable pair, the ternary relation holds exactly for its categorical composite.
IC193-category-composition-functional	checked	incidence-theory/IncidenceTheory/CategoryInteractionRepresentation.lean	theorem categoryCompositionRelation_functional	The categorical composition relation is single-valued even though it is represented relationally.
IC194-category-composition-associative	checked	incidence-theory/IncidenceTheory/CategoryInteractionRepresentation.lean	theorem categoryComposition_associative	The two existential parenthesizations of the categorical composition relation are equivalent by the category associativity law.
IC195-category-functor-composition-map	checked	incidence-theory/IncidenceTheory/CategoryInteractionRepresentation.lean	def categoryCompositionMap	Every functor induces a ternary-resonance homomorphism; identity and composition laws are checked separately.
IC196-category-incidence-representation	checked	incidence-theory/IncidenceTheory/CategoryInteractionRepresentation.lean	theorem categoryInteractionRepresentationTheorem	Every small category has an Incidence representation that exactly recognizes composition, is functional and associative, and recovers its composition system from the nonunit sector.
IC197-category-identity-object-embedding	checked	incidence-theory/IncidenceTheory/InternalCategoryRecovery.lean	theorem categoryIdentityArrow_injective	Objects embed injectively into the represented arrow carrier as their identity arrows.
IC198-category-object-recovery	checked	incidence-theory/IncidenceTheory/InternalCategoryRecovery.lean	noncomputable def categoryObjectRecoveryEquiv	The original object type is equivalent to the image of identity arrows in the represented carrier.
IC199-category-hom-fiber-recovery	checked	incidence-theory/IncidenceTheory/InternalCategoryRecovery.lean	def categoryHomFiberEquiv	For every object pair, the original hom type is equivalent to the endpoint fiber of represented arrows.
IC200-category-composition-recovery	checked	incidence-theory/IncidenceTheory/InternalCategoryRecovery.lean	theorem categoryInteractionIncidence_recovers_composition	Under the hom-fiber equivalences, Incidence resonance holds exactly when the recovered output is categorical composition.
IC201-internal-category-recovery-capstone	checked	incidence-theory/IncidenceTheory/InternalCategoryRecovery.lean	theorem internalCategoryRecoveryTheorem	A single certificate packages object equivalence, every hom-fiber equivalence, and exact recovery of composition for an arbitrary small category.
IC202-intrinsic-category-identity-predicate	checked	incidence-theory/IncidenceTheory/IntrinsicCategoryRecovery.lean	def CategoryCompositionIntrinsicIdentity	Identity arrows are specified using only endpoint equality and universal left/right unit laws for the ternary composition relation.
IC203-categorical-identities-intrinsic	checked	incidence-theory/IncidenceTheory/IntrinsicCategoryRecovery.lean	theorem categoryIdentityArrow_intrinsic	Every categorical identity arrow satisfies the intrinsic relational identity predicate.
IC204-intrinsic-identities-exact	checked	incidence-theory/IncidenceTheory/IntrinsicCategoryRecovery.lean	theorem categoryCompositionIntrinsicIdentity_iff	An arrow satisfies the intrinsic predicate exactly when it is the identity arrow on its source.
IC205-intrinsic-object-recovery	checked	incidence-theory/IncidenceTheory/IntrinsicCategoryRecovery.lean	def intrinsicCategoryObjectRecoveryEquiv	The original object type is equivalent to the subtype of arrows satisfying the intrinsic relational identity predicate.
IC206-intrinsic-category-recovery-capstone	checked	incidence-theory/IncidenceTheory/IntrinsicCategoryRecovery.lean	theorem intrinsicInternalCategoryRecoveryTheorem	A single certificate packages intrinsic object recovery, exact identity recognition, hom-fiber recovery, and composition recovery.
IC207-functorial-category-composition-hom	checked	incidence-theory/IncidenceTheory/CategoryInteractionFullness.lean	structure FunctorialCategoryCompositionHom	The admissible morphisms in the category-composition representation are specified non-circularly by object and hom maps satisfying identity and composition laws.
IC208-functorial-hom-recovers-functor	checked	incidence-theory/IncidenceTheory/CategoryInteractionFullness.lean	def FunctorialCategoryCompositionHom.toFunctor	Every admissible category-composition homomorphism reconstructs a functor from its stated object and hom actions.
IC209-category-composition-essential-image	checked	incidence-theory/IncidenceTheory/CategoryInteractionFullness.lean	theorem categoryCompositionMap_essentialImage_iff	A ternary-resonance homomorphism is induced by a functor exactly when it is the underlying resonance homomorphism of an admissible functorial category-composition homomorphism.
IC210-category-composition-map-faithful	checked	incidence-theory/IncidenceTheory/CategoryInteractionFullness.lean	theorem categoryCompositionMap_faithful	Equality of the induced maps on endpoint-tagged arrows forces equality of the original functors.
IC211-category-composition-scoped-fullness	checked	incidence-theory/IncidenceTheory/CategoryInteractionFullness.lean	theorem categoryCompositionMap_full_and_faithful_on_functorial_homs	Every admissible homomorphism is induced by a unique functor.
IC212-category-interaction-fullness-capstone	checked	incidence-theory/IncidenceTheory/CategoryInteractionFullness.lean	theorem categoryInteractionFullnessTheorem	A single certificate packages scoped fullness, faithfulness, and the exact essential-image characterization.
IC213-pure-relational-identity	checked	incidence-theory/IncidenceTheory/PureRelationalCategoryRecovery.lean	def CategoryCompositionPureIdentity	Identity candidates are specified solely by the ternary composition relation, without endpoint projections or a preselected identity image.
IC214-pure-relational-identity-exact	checked	incidence-theory/IncidenceTheory/PureRelationalCategoryRecovery.lean	theorem categoryCompositionPureIdentity_iff	The endpoint-free relational predicate holds exactly for categorical identity arrows.
IC215-pure-intrinsic-identity-equivalence	checked	incidence-theory/IncidenceTheory/PureRelationalCategoryRecovery.lean	theorem categoryCompositionPureIdentity_iff_intrinsic	The pure relational identity predicate is equivalent to the earlier endpoint-assisted intrinsic predicate.
IC216-pure-object-recovery	checked	incidence-theory/IncidenceTheory/PureRelationalCategoryRecovery.lean	def pureCategoryObjectRecoveryEquiv	The category's object type is equivalent to the subtype selected by the endpoint-free identity predicate.
IC217-pure-source-identity-exact	checked	incidence-theory/IncidenceTheory/PureRelationalCategoryRecovery.lean	theorem categoryCompositionPureSourceIdentity_iff	An identity is the source identity of an arrow exactly when it is pure and composes on the left to that arrow.
IC218-pure-target-identity-exact	checked	incidence-theory/IncidenceTheory/PureRelationalCategoryRecovery.lean	theorem categoryCompositionPureTargetIdentity_iff	An identity is the target identity of an arrow exactly when it is pure and composes on the right to that arrow.
IC219-pure-endpoint-existence-uniqueness	checked	incidence-theory/IncidenceTheory/PureRelationalCategoryRecovery.lean	theorem categoryCompositionPureSourceIdentity_existsUnique	Every represented arrow has a unique relationally characterized source identity; the analogous target theorem is checked alongside it.
IC220-pure-relational-hom-fiber	checked	incidence-theory/IncidenceTheory/PureRelationalCategoryRecovery.lean	def pureRelationalHomFiberEquiv	Each original hom type is equivalent to the arrow fiber defined only through resonance with its source and target pure identities.
IC221-pure-relational-composition-recovery	checked	incidence-theory/IncidenceTheory/PureRelationalCategoryRecovery.lean	theorem pureRelationalHomFiberEquiv_composition_iff	Composition is recovered exactly on the purely relational hom fibers.
IC222-pure-relational-category-recovery-capstone	checked	incidence-theory/IncidenceTheory/PureRelationalCategoryRecovery.lean	theorem pureRelationalCategoryRecoveryTheorem	A single certificate packages endpoint-free identity, object, source, target, hom, and composition recovery.
IC223-relational-category-axioms	checked	incidence-theory/IncidenceTheory/RelationalCategoryRecognition.lean	structure RelationalCategoryAxioms	A purely ternary recognition interface states functionality, identities, unique endpoints, composability, endpoint stability, and relational associativity.
IC224-category-systems-satisfy-recognition	checked	incidence-theory/IncidenceTheory/RelationalCategoryRecognition.lean	theorem categoryCompositionSystem_relationalCategoryAxioms	The ternary composition system of every small category satisfies all relational category recognition axioms.
IC225-recognized-objects-and-homs	checked	incidence-theory/IncidenceTheory/RelationalCategoryRecognition.lean	def RelationalCategoryHom	Pure identities form objects and arrows with the specified relational source and target identities form hom types.
IC226-recognized-carrier-coverage	checked	incidence-theory/IncidenceTheory/RelationalCategoryRecognition.lean	theorem RelationalCategoryAxioms.carrier_covered_by_typed_homs	Every carrier element of a recognized ternary system occurs as a typed hom between its relationally selected source and target objects.
IC227-relational-category-construction	checked	incidence-theory/IncidenceTheory/RelationalCategoryRecognition.lean	noncomputable def RelationalCategoryAxioms.toCategory	Every ternary system satisfying the recognition axioms canonically yields a Lean category with relationally defined objects, homs, identities, and composition.
IC228-recognized-composition-exact	checked	incidence-theory/IncidenceTheory/RelationalCategoryRecognition.lean	theorem RelationalCategoryAxioms.resonance_comp_iff	On all typed hom fibers, source resonance holds exactly when the output is categorical composition in the reconstructed category.
IC229-relational-category-recognition-capstone	checked	incidence-theory/IncidenceTheory/RelationalCategoryRecognition.lean	theorem relationalCategoryRecognitionTheorem	A single certificate packages category existence, total carrier coverage by typed homs, and exact recovery of composition.
IC230-resonance-implies-composable	checked	incidence-theory/IncidenceTheory/RelationalCategoryRecognition.lean	resonance_composable :	The recognition interface requires every resonant pair to share a relational middle identity, ruling out extra modes on categorically noncomposable arrows.
IC231-recognized-arrow-encoding	checked	incidence-theory/IncidenceTheory/RelationalCategoryRoundTrip.lean	noncomputable def RelationalCategoryAxioms.encodeArrow	Every source carrier element is encoded as an endpoint-tagged arrow of the reconstructed category using its uniquely selected relational endpoints.
IC232-recognized-arrow-decoding	checked	incidence-theory/IncidenceTheory/RelationalCategoryRoundTrip.lean	def RelationalCategoryAxioms.decodeArrow	A reconstructed endpoint-tagged arrow decodes to its underlying source carrier element.
IC233-recognized-arrow-roundtrip	checked	incidence-theory/IncidenceTheory/RelationalCategoryRoundTrip.lean	theorem RelationalCategoryAxioms.encode_decodeArrow	Encoding and decoding are mutually inverse, including the dependent endpoint and hom fields.
IC234-recognized-arrow-equivalence	checked	incidence-theory/IncidenceTheory/RelationalCategoryRoundTrip.lean	noncomputable def RelationalCategoryAxioms.arrowEquiv	The original carrier is explicitly equivalent to the endpoint-tagged arrow carrier of the reconstructed category.
IC235-recognized-composite-resonant	checked	incidence-theory/IncidenceTheory/RelationalCategoryRoundTrip.lean	theorem RelationalCategoryAxioms.recognizedCompose_resonant	The decoded categorical composite of any compatible reconstructed arrows is resonant in the original ternary system.
IC236-roundtrip-relation-exact	checked	incidence-theory/IncidenceTheory/RelationalCategoryRoundTrip.lean	theorem RelationalCategoryAxioms.encodeArrow_resonance_iff	The carrier equivalence preserves and reflects the ternary relation exactly.
IC237-relational-category-system-isomorphism	checked	incidence-theory/IncidenceTheory/RelationalCategoryRoundTrip.lean	noncomputable def RelationalCategoryAxioms.roundTripIso	The original ternary system is isomorphic to the composition system of its reconstructed category.
IC238-relational-category-roundtrip-capstone	checked	incidence-theory/IncidenceTheory/RelationalCategoryRoundTrip.lean	theorem relationalCategoryRoundTripTheorem	A single certificate packages carrier equivalence, exact relation transport, and the reconstructed system isomorphism.
IC239-recognized-ternary-objects	checked	incidence-theory/IncidenceTheory/RelationalCategoryFunctoriality.lean	structure RecognizedTernaryCategory	A recognized object bundles a ternary resonance system with a proof of the relational category recognition axioms.
IC240-recognized-ternary-morphisms	checked	incidence-theory/IncidenceTheory/RelationalCategoryFunctoriality.lean	structure RecognizedTernaryHom	Recognized-system morphisms preserve resonance and pure identities, hence preserve relational source and target identities.
IC241-recognized-system-category	checked	incidence-theory/IncidenceTheory/RelationalCategoryFunctoriality.lean	instance recognizedTernaryCategory	Recognized ternary systems and their structure-preserving morphisms form a category with checked identity and associativity laws.
IC242-recognized-endpoint-preservation	checked	incidence-theory/IncidenceTheory/RelationalCategoryFunctoriality.lean	theorem RecognizedTernaryHom.preserves_source	Every recognized morphism preserves relational source identities; target preservation is proved dually.
IC243-recognized-morphism-functor	checked	incidence-theory/IncidenceTheory/RelationalCategoryFunctoriality.lean	noncomputable def RecognizedTernaryHom.reconstructFunctor	Every recognized-system morphism induces a functor between the reconstructed categories.
IC244-reconstruction-identity-exact	checked	incidence-theory/IncidenceTheory/RelationalCategoryFunctoriality.lean	theorem reconstructFunctor_id	Reconstruction sends identity system morphisms exactly to identity functors.
IC245-reconstruction-composition-exact	checked	incidence-theory/IncidenceTheory/RelationalCategoryFunctoriality.lean	theorem reconstructFunctor_comp	Reconstruction sends composite system morphisms exactly to composite functors.
IC246-roundtrip-encoding-natural	checked	incidence-theory/IncidenceTheory/RelationalCategoryFunctoriality.lean	theorem RecognizedTernaryHom.encodeArrow_natural	The round-trip carrier encoding commutes with every recognized-system morphism and its reconstructed functor.
IC247-relational-category-functoriality-capstone	checked	incidence-theory/IncidenceTheory/RelationalCategoryFunctoriality.lean	theorem relationalCategoryFunctorialityTheorem	A single certificate packages the morphism category, reconstructed functors, strict identity/composition laws, and encoding/decoding naturality.
IC248-recognized-reconstructed-cat	checked	incidence-theory/IncidenceTheory/CategoryReconstructionFunctor.lean	noncomputable def recognizedReconstructedCat	Each recognized ternary system is bundled as a mathlib Cat object carrying its reconstructed category instance.
IC249-category-reconstruction-functor	checked	incidence-theory/IncidenceTheory/CategoryReconstructionFunctor.lean	noncomputable def relationalCategoryReconstructionFunctor	Recognized ternary systems and their morphisms are sent by a single universe-explicit functor to mathlib's category of categories.
IC250-category-reconstruction-object-exact	checked	incidence-theory/IncidenceTheory/CategoryReconstructionFunctor.lean	theorem relationalCategoryReconstructionFunctor_obj	The packaged functor's object action is definitionally the pure-identity reconstructed category.
IC251-category-reconstruction-map-exact	checked	incidence-theory/IncidenceTheory/CategoryReconstructionFunctor.lean	theorem relationalCategoryReconstructionFunctor_map	The packaged functor's morphism action is definitionally the previously checked reconstructed functor.
IC252-category-reconstruction-map-components	checked	incidence-theory/IncidenceTheory/CategoryReconstructionFunctor.lean	theorem relationalCategoryReconstructionFunctor_map_hom	The packaged map acts on objects and typed homs exactly through the recognized carrier morphism.
IC253-category-reconstruction-functor-capstone	checked	incidence-theory/IncidenceTheory/CategoryReconstructionFunctor.lean	theorem categoryReconstructionFunctorTheorem	A single certificate packages the Cat-valued reconstruction functor, exact object/map actions, and round-trip encoding naturality.
IC254-category-to-recognized-object	checked	incidence-theory/IncidenceTheory/CategoryRecognitionFunctor.lean	def recognizedCategoryOfCat	Every small category is bundled as its ternary composition system together with the checked relational recognition axioms.
IC255-functor-to-recognized-morphism	checked	incidence-theory/IncidenceTheory/CategoryRecognitionFunctor.lean	def categoryFunctorRecognizedHom	Every functor induces a resonance- and pure-identity-preserving morphism between the associated recognized systems.
IC256-category-recognition-map-identity	checked	incidence-theory/IncidenceTheory/CategoryRecognitionFunctor.lean	theorem categoryFunctorRecognizedHom_id	The recognized morphism induced by an identity functor is exactly the identity recognized morphism.
IC257-category-recognition-map-composition	checked	incidence-theory/IncidenceTheory/CategoryRecognitionFunctor.lean	theorem categoryFunctorRecognizedHom_comp	The recognized morphism induced by a composite functor is exactly the composite recognized morphism.
IC258-category-recognition-functor	checked	incidence-theory/IncidenceTheory/CategoryRecognitionFunctor.lean	noncomputable def categoryRecognitionFunctor	Category composition representation assembles into one functor from mathlib Cat to recognized ternary systems.
IC259-category-recognition-functor-capstone	checked	incidence-theory/IncidenceTheory/CategoryRecognitionFunctor.lean	theorem categoryRecognitionFunctorTheorem	A single certificate packages the Cat-to-recognized inverse-direction functor and its exact object and morphism actions.
IC260-encode-preserves-pure-identities	checked	incidence-theory/IncidenceTheory/RecognizedRoundTripNaturalIso.lean	theorem RelationalCategoryAxioms.encodeArrow_mapsPure	Round-trip encoding preserves pure identities, using exact relation transport and encode/decode surjectivity.
IC261-decode-preserves-pure-identities	checked	incidence-theory/IncidenceTheory/RecognizedRoundTripNaturalIso.lean	theorem RelationalCategoryAxioms.decodeArrow_mapsPure	Round-trip decoding preserves pure identities in the reverse direction.
IC262-recognized-roundtrip-component-hom	checked	incidence-theory/IncidenceTheory/RecognizedRoundTripNaturalIso.lean	noncomputable def recognizedRoundTripHom	Encoding upgrades from a ternary-system homomorphism to a recognized-system morphism at every object.
IC263-recognized-roundtrip-component-iso	checked	incidence-theory/IncidenceTheory/RecognizedRoundTripNaturalIso.lean	noncomputable def recognizedRoundTripIso	Encoding and decoding form an isomorphism in the category of recognized ternary systems at every object.
IC264-recognized-roundtrip-natural-iso	checked	incidence-theory/IncidenceTheory/RecognizedRoundTripNaturalIso.lean	noncomputable def recognizedRoundTripNatIso	The component system isomorphisms assemble into a natural isomorphism from the identity to reconstruction followed by recognition.
IC265-recognized-roundtrip-natural-iso-capstone	checked	incidence-theory/IncidenceTheory/RecognizedRoundTripNaturalIso.lean	theorem recognizedRoundTripNaturalIsoTheorem	A single certificate packages component isomorphisms, the natural isomorphism, and exact encode/decode component maps.
IC266-category-roundtrip-canonical-functor	checked	incidence-theory/IncidenceTheory/CatRoundTripEquivalence.lean	noncomputable def categoryRoundTripFunctor	Every category has a canonical functor to its pure-identity reconstructed category, mapping objects to identity arrows and morphisms to typed arrow fibers.
IC267-category-roundtrip-faithful	checked	incidence-theory/IncidenceTheory/CatRoundTripEquivalence.lean	instance categoryRoundTripFunctor_faithful	The canonical category round-trip functor is faithful.
IC268-category-roundtrip-full	checked	incidence-theory/IncidenceTheory/CatRoundTripEquivalence.lean	instance categoryRoundTripFunctor_full	Every morphism between canonical reconstructed objects uniquely comes from an original category morphism, so the round-trip functor is full.
IC269-category-roundtrip-essentially-surjective	checked	incidence-theory/IncidenceTheory/CatRoundTripEquivalence.lean	instance categoryRoundTripFunctor_essSurj	Every pure-identity reconstructed object is equal, hence isomorphic, to the image of its recovered source object.
IC270-category-roundtrip-is-equivalence	checked	incidence-theory/IncidenceTheory/CatRoundTripEquivalence.lean	instance categoryRoundTripFunctor_isEquivalence	The canonical round-trip functor is full, faithful, and essentially surjective, hence a categorical equivalence.
IC271-category-roundtrip-equivalence	checked	incidence-theory/IncidenceTheory/CatRoundTripEquivalence.lean	noncomputable def categoryRoundTripEquivalence	Every small category is equivalent to the category reconstructed from its recognized ternary composition system.
IC272-category-roundtrip-equivalence-capstone	checked	incidence-theory/IncidenceTheory/CatRoundTripEquivalence.lean	theorem catRoundTripEquivalenceTheorem	A single certificate packages the canonical functor, full/faithful/essential-surjective evidence, and the resulting category equivalence for every Cat object.
IC273-category-roundtrip-mapped-functor	checked	incidence-theory/IncidenceTheory/CatRoundTripNaturality.lean	noncomputable def categoryRoundTripMappedFunctor	Every original functor induces the corresponding functor between the two pure-identity reconstructed categories.
IC274-category-roundtrip-object-naturality	checked	incidence-theory/IncidenceTheory/CatRoundTripNaturality.lean	theorem categoryRoundTripObject_natural	The canonical round-trip object embedding commutes exactly with every original functor.
IC275-category-roundtrip-functor-naturality	checked	incidence-theory/IncidenceTheory/CatRoundTripNaturality.lean	theorem categoryRoundTripFunctor_natural	For every original functor, the two paths through the canonical round-trip embeddings are equal as functors.
IC276-category-roundtrip-map-naturality	checked	incidence-theory/IncidenceTheory/CatRoundTripNaturality.lean	theorem categoryRoundTripFunctor_natural_map	The functor-level naturality equality acts on every hom as the expected mapped endpoint-tagged arrow, with the required dependent equality.
IC277-category-roundtrip-naturality-capstone	checked	incidence-theory/IncidenceTheory/CatRoundTripNaturality.lean	theorem catRoundTripNaturalityTheorem	A single certificate packages mapped functors and exact object, hom, and functor-square naturality for the Cat-side round trip.
IC278-relational-category-comparison-data	checked	incidence-theory/IncidenceTheory/RelationalCategoryComparison.lean	structure RelationalCategoryComparisonData	A typed comparison package records both directional functors, the recognized-side natural isomorphism, Cat-side objectwise equivalences, their canonical functors, and naturality squares.
IC279-relational-category-comparison-instance	checked	incidence-theory/IncidenceTheory/RelationalCategoryComparison.lean	noncomputable def relationalCategoryComparisonData	All fields of the comparison package are instantiated by the previously checked reconstruction, recognition, round-trip, and naturality constructions.
IC280-comparison-encode-component-exact	checked	incidence-theory/IncidenceTheory/RelationalCategoryComparison.lean	theorem relationalCategoryComparison_recognized_component	The recognized-side comparison component is exactly the carrier encoding map.
IC281-comparison-decode-component-exact	checked	incidence-theory/IncidenceTheory/RelationalCategoryComparison.lean	theorem relationalCategoryComparison_recognized_inverse_component	The inverse comparison component is exactly carrier decoding.
IC282-comparison-cat-full	checked	incidence-theory/IncidenceTheory/RelationalCategoryComparison.lean	theorem relationalCategoryComparison_category_full	Every Cat-side comparison component is full; faithful and essentially-surjective companion theorems are checked alongside it.
IC283-relational-category-comparison-capstone	checked	incidence-theory/IncidenceTheory/RelationalCategoryComparison.lean	theorem relationalCategoryComparisonTheorem	A single certificate packages the exact proved comparison level without conflating category equivalence with strict isomorphism in the 1-category Cat.
IC284-dependent-judgment-system	checked	incidence-theory/IncidenceTheory/DependentJudgmentRepresentation.lean	def dependentJudgmentSystem	Dependent type formation and typing judgments are encoded as one ternary resonance system over tagged raw types and terms.
IC285-dependent-formation-exact	checked	incidence-theory/IncidenceTheory/DependentJudgmentRepresentation.lean	theorem dependentJudgmentRelation_formation_iff	A diagonal type resonance exists exactly when the raw type is well formed in the fixed context.
IC286-dependent-typing-exact	checked	incidence-theory/IncidenceTheory/DependentJudgmentRepresentation.lean	theorem dependentJudgmentRelation_typing_iff	A term/type resonance exists exactly when the raw term has that raw type in the fixed context.
IC287-dependent-renaming-hom	checked	incidence-theory/IncidenceTheory/DependentJudgmentRepresentation.lean	noncomputable def dependentJudgmentRenamingHom	Every derivation-preserving context renaming induces a ternary-resonance homomorphism on dependent judgments.
IC288-dependent-renaming-functorial	checked	incidence-theory/IncidenceTheory/DependentJudgmentRepresentation.lean	theorem dependentJudgmentRenamingHom_comp	Judgment renaming preserves identity and composition exactly; the identity theorem is checked alongside composition.
IC289-dependent-incidence-exact	checked	incidence-theory/IncidenceTheory/DependentJudgmentRepresentation.lean	theorem dependentJudgmentIncidence_typing_iff	The free-unit Incidence representation preserves the dependent formation and typing relations exactly.
IC290-dependent-judgment-recoverable	checked	incidence-theory/IncidenceTheory/DependentJudgmentRepresentation.lean	theorem dependentJudgmentRepresentation_recoverable	Removing the freely adjoined unit from the Incidence representation recovers the original dependent judgment system up to resonance-system isomorphism.
IC291-dependent-judgment-representation-capstone	checked	incidence-theory/IncidenceTheory/DependentJudgmentRepresentation.lean	theorem dependentJudgmentRepresentationTheorem	One certificate packages exact formation, exact typing, and recoverability for every fixed raw dependent context.
IC292-general-resonance-law-axioms	checked	incidence-theory/IncidenceTheory/GeneralResonanceInternalLanguage.lean	inductive ResonanceLawAxiom	A carrier-independent propositional axiom schema expresses resonance symmetry, both unit laws, and exclusion of every type-incompatible mode.
IC293-general-resonance-law-models	checked	incidence-theory/IncidenceTheory/GeneralResonanceInternalLanguage.lean	structure ResonanceLawModel	A semantic model records exactly symmetry, left and right units, and type compatibility for an arbitrary valuation of resonance atoms.
IC294-law-axiom-model-characterization	checked	incidence-theory/IncidenceTheory/GeneralResonanceInternalLanguage.lean	theorem resonanceLawAxioms_characterize_models	A valuation satisfies every general resonance-law axiom exactly when it is a resonance-law model.
IC295-physical-law-axiom-satisfaction	checked	incidence-theory/IncidenceTheory/GeneralResonanceInternalLanguage.lean	theorem ResonanceSpec.physical_satisfies_all_law_axioms	Every ResonanceSpec makes its physical resonance valuation satisfy the entire possibly infinite law schema.
IC296-resonance-spec-logical-characterization	checked	incidence-theory/IncidenceTheory/GeneralResonanceInternalLanguage.lean	theorem resonanceSpec_iff_physical_models_law_axioms	An Incidence admits a ResonanceSpec exactly when its physical valuation models every law axiom.
IC297-general-resonance-law-derivability	checked	incidence-theory/IncidenceTheory/GeneralResonanceInternalLanguage.lean	def ResonanceLawDerives	Derivability from the infinite schema is represented finitarily by an ordinary natural-deduction proof from a finite context of schema instances.
IC298-general-resonance-law-soundness	checked	incidence-theory/IncidenceTheory/GeneralResonanceInternalLanguage.lean	theorem resonanceLawDerives_sound	Every finitary derivation from resonance-law instances is valid in every resonance-law model.
IC299-general-resonance-internal-language-capstone	checked	incidence-theory/IncidenceTheory/GeneralResonanceInternalLanguage.lean	theorem generalResonanceInternalLanguageTheorem	One certificate packages exact model characterization, exact physical ResonanceSpec characterization, and general soundness over arbitrary carriers.
IC300-kripke-resonance-law-model	checked	incidence-theory/IncidenceTheory/GeneralResonanceInternalLanguage.lean	def KripkeResonanceLawModel	A lawful Kripke model requires every world valuation to be symmetric, unital, and type-compatible.
IC301-law-axioms-kripke-forced	checked	incidence-theory/IncidenceTheory/GeneralResonanceInternalLanguage.lean	theorem kripke_forces_resonanceLawAxiom	Every resonance-law schema instance is forced at every world of every lawful Kripke model, including at all future worlds required by implication and negation.
IC302-general-resonance-kripke-entailment	checked	incidence-theory/IncidenceTheory/GeneralResonanceInternalLanguage.lean	def ResonanceLawKripkeEntails	General schema validity quantifies over all lawful same-universe Kripke models and all their worlds.
IC303-general-resonance-kripke-soundness	checked	incidence-theory/IncidenceTheory/GeneralResonanceInternalLanguage.lean	theorem resonanceLawDerives_kripke_sound	Every finitary derivation from arbitrary instances of the infinite resonance-law schema is valid in every lawful Kripke model.
IC304-strong-completeness-countermodel-gate	checked	incidence-theory/IncidenceTheory/GeneralResonanceInternalLanguage.lean	theorem resonanceLawStrongCompleteness_iff_countermodels	Strong Kripke completeness is exactly equivalent to constructing a lawful Kripke countermodel for every formula not derivable from the schema.
IC305-general-resonance-kripke-capstone	checked	incidence-theory/IncidenceTheory/GeneralResonanceInternalLanguage.lean	structure ResonanceLawStrongCompleteness	The remaining completeness target is exposed as a typed property rather than being conflated with the now-proved Kripke soundness direction.
IC306-law-schema-finite-support	checked	incidence-theory/IncidenceTheory/ResonanceLawStrongCompleteness.lean	theorem resonanceLawDerivesFrom_finite_support	Finitely many schema-relative derivations can be consolidated into one finite list of resonance-law instances.
IC307-law-schema-deductive-closure	checked	incidence-theory/IncidenceTheory/ResonanceLawStrongCompleteness.lean	def resonanceLawDeductivelyClosedTheory	Derivability from the potentially infinite schema forms a genuine deductively closed theory.
IC308-law-schema-avoidance-prime-theory	checked	incidence-theory/IncidenceTheory/ResonanceLawStrongCompleteness.lean	noncomputable def resonanceLawAvoidancePrimeTheory	A recurrent formula schedule extends the full law schema to a prime theory while avoiding any formula not derivable from the schema.
IC309-law-schema-relative-prime-extension	checked	incidence-theory/IncidenceTheory/ResonanceLawStrongCompleteness.lean	theorem resonanceLaw_relative_prime_extension	Every schema-nonderivable formula has a prime theory containing every law axiom and excluding that formula.
IC310-law-canonical-cone	checked	incidence-theory/IncidenceTheory/ResonanceLawStrongCompleteness.lean	def resonanceLawCanonicalCone	The upper cone of law-containing prime theories is a Kripke model closed under the implication-failure extensions used by the truth lemma.
IC311-law-canonical-cone-truth	checked	incidence-theory/IncidenceTheory/ResonanceLawStrongCompleteness.lean	theorem resonanceLawCanonicalCone_truth_lemma	Forcing in the restricted canonical cone is exactly prime-theory membership.
IC312-law-canonical-cone-lawful	checked	incidence-theory/IncidenceTheory/ResonanceLawStrongCompleteness.lean	theorem resonanceLawCanonicalCone_lawful	Every world in a canonical cone above a schema-containing prime theory satisfies symmetry, both unit laws, and type compatibility.
IC313-law-schema-canonical-countermodels	checked	incidence-theory/IncidenceTheory/ResonanceLawStrongCompleteness.lean	theorem resonanceLaw_canonical_countermodels_of_schedule	Every nonderivable formula has a lawful canonical-cone Kripke countermodel whenever a recurrent enumeration of formulas is supplied.
IC314-law-schema-strong-completeness	checked	incidence-theory/IncidenceTheory/ResonanceLawStrongCompleteness.lean	theorem resonanceLaw_kripke_complete	For every countably coded resonance-atom language, lawful Kripke validity is exactly finitary derivability from the full potentially infinite law schema.
IC315-law-schema-strong-completeness-capstone	checked	incidence-theory/IncidenceTheory/ResonanceLawStrongCompleteness.lean	theorem resonanceLawStrongCompletenessTheorem	One certificate packages finite-support closure, lawful canonical countermodels, strong completeness, and the final validity-derivability equivalence.
IC316-zorn-chain-finite-bound	checked	incidence-theory/IncidenceTheory/EnumerationFreeLindenbaum.lean	theorem chain_finite_context_bound	Every finite context contained in the union of a nonempty inclusion chain is already contained in one chain member.
IC317-zorn-maximal-finitary-extension	checked	incidence-theory/IncidenceTheory/EnumerationFreeLindenbaum.lean	theorem exists_maximal_finitaryTheoryExtension	Zorn's lemma supplies a maximal carrier extending any deductively closed base theory while no finite subcontext derives the forbidden formula.
IC318-maximal-extension-closure	checked	incidence-theory/IncidenceTheory/EnumerationFreeLindenbaum.lean	theorem maximal_finitaryTheoryExtension_closed	Maximal finitary extensions are closed under every finite natural-deduction derivation.
IC319-maximal-extension-prime	checked	incidence-theory/IncidenceTheory/EnumerationFreeLindenbaum.lean	theorem maximal_finitaryTheoryExtension_prime	Every disjunction in a maximal finitary extension has at least one disjunct in that extension.
IC320-enumeration-free-relative-prime-extension	checked	incidence-theory/IncidenceTheory/EnumerationFreeLindenbaum.lean	theorem enumerationFree_relative_prime_extension	Every forbidden formula outside an arbitrary deductively closed theory has a prime extension containing the theory and excluding the formula, without an enumeration hypothesis.
IC321-enumeration-free-implication-extension	checked	incidence-theory/IncidenceTheory/EnumerationFreeLindenbaum.lean	theorem enumerationFree_prime_implication_failure_extension	Every implication absent from a prime theory has a prime future extension containing its premise and excluding its conclusion, without a recurrent schedule.
IC322-enumeration-free-truth-lemma	checked	incidence-theory/IncidenceTheory/EnumerationFreeLindenbaum.lean	theorem enumerationFree_canonical_truth_lemma	Canonical Kripke forcing equals prime-theory membership for arbitrary atom types without countability assumptions.
IC323-enumeration-free-propositional-completeness	checked	incidence-theory/IncidenceTheory/EnumerationFreeLindenbaum.lean	theorem enumerationFree_kripke_complete	Kripke entailment is exactly finite natural-deduction derivability for arbitrary atom types in the same universe.
IC324-enumeration-free-law-countermodels	checked	incidence-theory/IncidenceTheory/EnumerationFreeLindenbaum.lean	theorem enumerationFree_resonanceLaw_canonical_countermodels	Every formula not derivable from the complete resonance-law schema has a lawful canonical-cone countermodel without countable coding.
IC325-enumeration-free-law-completeness	checked	incidence-theory/IncidenceTheory/EnumerationFreeLindenbaum.lean	theorem enumerationFree_resonanceLaw_kripke_complete	For arbitrary resonance carriers, lawful Kripke validity is exactly finitary derivability from the full potentially infinite law schema.
IC326-enumeration-free-law-capstone	checked	incidence-theory/IncidenceTheory/EnumerationFreeLindenbaum.lean	theorem enumerationFreeResonanceLawCompletenessTheorem	One certificate packages enumeration-free relative prime extension, lawful countermodels, strong completeness, and validity-derivability equivalence.
IC327-dependent-judgment-model	checked	incidence-theory/IncidenceTheory/DependentJudgmentSemantics.lean	structure IncDepJudgmentModel	A proof-theoretic dependent judgment model is explicitly closed under every raw formation and typing rule.
IC328-dependent-judgment-soundness	checked	incidence-theory/IncidenceTheory/DependentJudgmentSemantics.lean	theorem dependentJudgmentSoundness	Every derivable raw formation and typing judgment holds in every inference-rule model.
IC329-dependent-syntactic-model	checked	incidence-theory/IncidenceTheory/DependentJudgmentSemantics.lean	def syntacticIncDepJudgmentModel	The term model interprets validity as nonempty raw derivability.
IC330-dependent-syntactic-exactness	checked	incidence-theory/IncidenceTheory/DependentJudgmentSemantics.lean	theorem syntacticIncDepJudgmentModel_exact	Formation and typing in the term model are exactly raw derivability.
IC331-dependent-syntactic-leastness	checked	incidence-theory/IncidenceTheory/DependentJudgmentSemantics.lean	theorem syntacticIncDepJudgmentModel_least	The term-model judgment predicates are contained in every inference-rule model.
IC332-dependent-syntactic-renaming	checked	incidence-theory/IncidenceTheory/DependentJudgmentSemantics.lean	theorem syntacticTyping_rename	Term-model typing is stable under every well-typed context renaming; formation has the parallel theorem.
IC333-dependent-syntactic-substitution	checked	incidence-theory/IncidenceTheory/DependentJudgmentSemantics.lean	theorem syntacticTyping_substitute	Term-model typing is stable under every well-typed substitution; formation has the parallel theorem.
IC334-dependent-soundness-completeness-capstone	checked	incidence-theory/IncidenceTheory/DependentJudgmentSemantics.lean	theorem dependentJudgmentSoundnessCompletenessTheorem	One certificate packages proof-theoretic soundness, exact term-model completeness, and leastness; it does not assert extensional set-valued or CwF semantics.
IC335-dependent-context-objects	checked	incidence-theory/IncidenceTheory/DependentContextualCategory.lean	structure IncDepRawContextObject	Objects bundle raw contexts with full well-formedness certificates.
IC336-extensional-raw-substitutions	checked	incidence-theory/IncidenceTheory/DependentContextualCategory.lean	structure IncDepRawExtensionalSubstitution	Substitutions retain well-typedness propositionally while erasing noncanonical derivation witnesses, permitting extensional equality.
IC337-substitution-category-laws	checked	incidence-theory/IncidenceTheory/DependentContextualCategory.lean	noncomputable instance : CategoryTheory.Category IncDepRawContextObject	Well-formed raw contexts and extensional substitutions form a strict category.
IC338-dependent-type-reindexing	checked	incidence-theory/IncidenceTheory/DependentContextualCategory.lean	def IncDepRawExtensionalSubstitution.reindexType	Raw dependent types reindex contravariantly along extensional substitutions.
IC339-dependent-reindexing-functoriality	checked	incidence-theory/IncidenceTheory/DependentContextualCategory.lean	theorem IncDepRawExtensionalSubstitution.reindexType_comp	Type reindexing preserves identity and reverses substitution composition exactly.
IC340-dependent-context-extension	checked	incidence-theory/IncidenceTheory/DependentContextualCategory.lean	def IncDepRawContextObject.extend	Every well-formed type extends its well-formed base context.
IC341-dependent-display-generic	checked	incidence-theory/IncidenceTheory/DependentContextualCategory.lean	def IncDepRawExtensionalSubstitution.projection	Context extension carries a well-typed display projection and generic variable.
IC342-dependent-contextual-category-capstone	checked	incidence-theory/IncidenceTheory/DependentContextualCategory.lean	theorem incDepRawContextualCategoryTheorem	One certificate packages category laws, functorial type reindexing, display maps, generic variables, and comprehension universality.
IC343-dependent-comprehension-pairing	checked	incidence-theory/IncidenceTheory/DependentContextualCategory.lean	noncomputable def IncDepRawExtensionalSubstitution.extendPair	A base substitution and a term of the reindexed display type uniquely pair into the extended context.
IC344-dependent-comprehension-universal	checked	incidence-theory/IncidenceTheory/DependentContextualCategory.lean	theorem IncDepRawExtensionalSubstitution.extendPair_unique	Pairing has the prescribed projection and generic component and is unique with those properties.
IC345-dependent-extensional-types	checked	incidence-theory/IncidenceTheory/DependentTypeTermPresheaf.lean	structure IncDepRawExtensionalType	Well-formed types over a context retain formation propositionally while equality depends only on raw type syntax.
IC346-dependent-type-reindexing-presheaf	checked	incidence-theory/IncidenceTheory/DependentTypeTermPresheaf.lean	theorem IncDepRawExtensionalType.reindex_comp	Well-formed types reindex along context substitutions with strict identity and contravariant composition laws.
IC347-dependent-extensional-typed-terms	checked	incidence-theory/IncidenceTheory/DependentTypeTermPresheaf.lean	structure IncDepRawExtensionalTypedTerm	The total typed-term family bundles raw type, raw term, formation, and typing while truncating derivation evidence.
IC348-dependent-term-reindexing-presheaf	checked	incidence-theory/IncidenceTheory/DependentTypeTermPresheaf.lean	theorem IncDepRawExtensionalTypedTerm.reindex_comp	Typed terms reindex with strict identity and contravariant composition laws.
IC349-dependent-typing-fiber-naturality	checked	incidence-theory/IncidenceTheory/DependentTypeTermPresheaf.lean	theorem IncDepRawExtensionalTypedTerm.typeObject_reindex	The type projection of the total typed-term family commutes exactly with substitution.
IC350-empty-context-junk-substitution	checked	incidence-theory/IncidenceTheory/DependentTypeTermPresheaf.lean	def incDepRawEmptyJunkSubstitution	A constant-unit endomorphism exposes unconstrained Nat components of substitutions into the empty raw context.
IC351-empty-context-not-terminal-witness	checked	incidence-theory/IncidenceTheory/DependentTypeTermPresheaf.lean	theorem incDepRawEmpty_identity_ne_junk	The identity and constant-unit substitutions on the empty context are distinct, proving the present context category lacks the terminal object required of a full CwF.
IC352-dependent-presheaf-capstone	checked	incidence-theory/IncidenceTheory/DependentTypeTermPresheaf.lean	theorem incDepRawTypeTermPresheafTheorem	One certificate packages type and term presheaf laws, typing-fiber naturality, and the exact terminal-object residual.
IC353-dependent-scoped-syntax	checked	incidence-theory/IncidenceTheory/DependentScopedSyntax.lean	def IncDepRawTerm.Scoped	Mutual depth-indexed predicates state that every variable occurring in a raw type or term lies in its finite context scope.
IC354-dependent-lookup-bound	checked	incidence-theory/IncidenceTheory/DependentScopedSyntax.lean	theorem IncDepRawLookup.position_lt	Every valid de Bruijn lookup position is strictly below the context length.
IC355-dependent-formation-scope	checked	incidence-theory/IncidenceTheory/DependentScopedSyntax.lean	theorem IncDepRawWellFormed.scoped	Every well-formed dependent raw type is scoped by its context length.
IC356-dependent-typing-scope	checked	incidence-theory/IncidenceTheory/DependentScopedSyntax.lean	theorem IncDepRawHasType.term_scoped	Every well-typed dependent raw term is scoped by its context length.
IC357-dependent-type-substitution-extensional	checked	incidence-theory/IncidenceTheory/DependentScopedSyntax.lean	theorem IncDepRawWellFormed.substitute_eq_of_context_agreement	Substitutions agreeing on the finite source context act identically on every well-formed type.
IC358-dependent-term-substitution-extensional	checked	incidence-theory/IncidenceTheory/DependentScopedSyntax.lean	theorem IncDepRawHasType.substitute_term_eq_of_context_agreement	Substitutions agreeing on the finite source context act identically on every well-typed term.
IC359-dependent-scoped-syntax-capstone	checked	incidence-theory/IncidenceTheory/DependentScopedSyntax.lean	theorem incDepRawScopedSyntaxTheorem	One certificate packages lookup bounds, formation and typing scope, and finite-support substitution extensionality.
IC360-finite-substitution-equivalence	checked	incidence-theory/IncidenceTheory/DependentExtensionalContextCategory.lean	def IncDepRawExtensionalSubstitution.FiniteEquivalent	Substitutions are identified exactly when they agree at every variable position present in the finite target context.
IC361-finite-substitution-composition	checked	incidence-theory/IncidenceTheory/DependentExtensionalContextCategory.lean	theorem IncDepRawExtensionalSubstitution.comp_finiteEquivalent	Composition respects finite-context substitution equivalence in both arguments, using typed-term scopedness.
IC362-finite-substitution-quotient-laws	checked	incidence-theory/IncidenceTheory/DependentExtensionalContextCategory.lean	theorem IncDepRawFiniteSubstitution.comp_assoc	The quotient substitutions have strict identity and associative composition laws.
IC363-finite-context-category	checked	incidence-theory/IncidenceTheory/DependentExtensionalContextCategory.lean	noncomputable instance : Category IncDepRawFiniteContextObject	Well-formed contexts and finite-support substitution classes form the corrected context category.
IC364-finite-empty-terminal	checked	incidence-theory/IncidenceTheory/DependentExtensionalContextCategory.lean	theorem incDepRawFiniteEmptyMap_unique	Every corrected context has exactly one morphism to the empty context.
IC365-finite-context-category-capstone	checked	incidence-theory/IncidenceTheory/DependentExtensionalContextCategory.lean	theorem incDepRawFiniteContextCategoryTheorem	One certificate packages quotient-composition well-definedness and the terminal empty context.
IC366-finite-type-presheaf	checked	incidence-theory/IncidenceTheory/DependentFinitePresheaf.lean	noncomputable def IncDepRawFiniteType.reindexFinite	Well-formed dependent types reindex independently of finite-support substitution representatives.
IC367-finite-type-presheaf-laws	checked	incidence-theory/IncidenceTheory/DependentFinitePresheaf.lean	theorem IncDepRawFiniteType.reindexFinite_comp	Type reindexing on the corrected quotient category satisfies strict identity and contravariant composition laws.
IC368-finite-typed-term-presheaf	checked	incidence-theory/IncidenceTheory/DependentFinitePresheaf.lean	noncomputable def IncDepRawFiniteTypedTerm.reindexFinite	Total typed terms reindex independently of finite-support substitution representatives.
IC369-finite-typed-term-laws	checked	incidence-theory/IncidenceTheory/DependentFinitePresheaf.lean	theorem IncDepRawFiniteTypedTerm.reindexFinite_comp	Typed-term reindexing on the corrected quotient category satisfies strict identity and contravariant composition laws.
IC370-finite-typing-naturality	checked	incidence-theory/IncidenceTheory/DependentFinitePresheaf.lean	theorem IncDepRawFiniteTypedTerm.finiteTypeObject_reindexFinite	The total typed-term projection to well-formed types is natural on the corrected quotient category.
IC371-finite-presheaf-capstone	checked	incidence-theory/IncidenceTheory/DependentFinitePresheaf.lean	theorem incDepRawFinitePresheafTheorem	One certificate packages representative independence, type and term presheaf laws, and typing naturality on the finite-support quotient.
IC372-finite-context-extension	checked	incidence-theory/IncidenceTheory/DependentFiniteComprehension.lean	noncomputable def IncDepRawFiniteType.extendContext	Every well-formed type extends its corrected finite context.
IC373-finite-display-projection	checked	incidence-theory/IncidenceTheory/DependentFiniteComprehension.lean	noncomputable def IncDepRawFiniteType.projection	Every quotient-context extension carries a display projection.
IC374-finite-generic-term	checked	incidence-theory/IncidenceTheory/DependentFiniteComprehension.lean	noncomputable def IncDepRawFiniteType.genericTerm	Every quotient-context extension carries a well-typed generic variable.
IC375-finite-comprehension-pairing	checked	incidence-theory/IncidenceTheory/DependentFiniteComprehension.lean	noncomputable def IncDepRawFiniteType.pair	A quotient substitution and term of the reindexed type pair into the context extension.
IC376-finite-comprehension-equations	checked	incidence-theory/IncidenceTheory/DependentFiniteComprehension.lean	theorem IncDepRawFiniteType.pair_generic	The descended pairing has the prescribed projection and generic components.
IC377-finite-comprehension-unique	checked	incidence-theory/IncidenceTheory/DependentFiniteComprehension.lean	theorem IncDepRawFiniteType.pair_unique	The descended pairing is uniquely determined by its projection and generic components.
IC378-finite-comprehension-capstone	checked	incidence-theory/IncidenceTheory/DependentFiniteComprehension.lean	theorem incDepRawFiniteComprehensionTheorem	One certificate packages quotient context extension, display projection, generic terms, pairing equations, and universality.
IC379-finite-dependent-term-fiber	checked	incidence-theory/IncidenceTheory/DependentFiniteCwF.lean	abbrev IncDepRawFiniteTerm	Terms over a well-formed type are the explicit fiber of the total typed-term projection.
IC380-finite-dependent-term-reindex	checked	incidence-theory/IncidenceTheory/DependentFiniteCwF.lean	noncomputable def IncDepRawFiniteTerm.reindex	Dependent term fibers reindex along corrected quotient substitutions.
IC381-finite-dependent-term-laws	checked	incidence-theory/IncidenceTheory/DependentFiniteCwF.lean	theorem IncDepRawFiniteTerm.reindex_comp	Dependent term reindexing satisfies identity and composition up to the unavoidable heterogeneous equality between propositionally equal fibers.
IC382-finite-generic-fiber	checked	incidence-theory/IncidenceTheory/DependentFiniteCwF.lean	noncomputable def IncDepRawFiniteType.genericFiberTerm	The generic variable inhabits exactly the pullback of its display type along the projection.
IC383-finite-fiber-pairing	checked	incidence-theory/IncidenceTheory/DependentFiniteCwF.lean	noncomputable def IncDepRawFiniteType.pairFiber	A dependent term in the reindexed type fiber determines its comprehension pairing.
IC384-finite-fiber-pairing-equations	checked	incidence-theory/IncidenceTheory/DependentFiniteCwF.lean	theorem IncDepRawFiniteType.pairFiber_generic	Fiber-level pairing satisfies both projection and generic equations.
IC385-finite-fiber-pairing-unique	checked	incidence-theory/IncidenceTheory/DependentFiniteCwF.lean	theorem IncDepRawFiniteType.pairFiber_unique	Fiber-level comprehension pairing is unique.
IC386-finite-syntactic-cwf-capstone	checked	incidence-theory/IncidenceTheory/DependentFiniteCwF.lean	theorem incDepRawFiniteCwFTheorem	One certificate packages terminal context, type and dependent-term substitution laws, and comprehension universality as a split syntactic category with families.
IC387-completed-cwf-context-embedding	checked	incidence-theory/IncidenceTheory/DependentCompletedCwFInterpretation.lean	def IncDepCompletedTyping.finiteContext	Every fully coherent completed typing judgment determines the same well-formed finite syntactic context.
IC388-completed-cwf-type-embedding	checked	incidence-theory/IncidenceTheory/DependentCompletedCwFInterpretation.lean	def IncDepCompletedTyping.finiteType	The completed judgment embeds its result formation evidence as a type in the finite syntactic CwF without changing raw syntax.
IC389-completed-cwf-term-embedding	checked	incidence-theory/IncidenceTheory/DependentCompletedCwFInterpretation.lean	def IncDepCompletedTyping.finiteTerm	The completed judgment embeds its raw typing derivation as a term in the exact dependent type fiber.
IC390-cwf-semantic-completion-gate	checked	incidence-theory/IncidenceTheory/DependentCompletedCwFInterpretation.lean	def IncDepRawFiniteTerm.SemanticallyCompletable	Semantic interpretability of a raw finite-CwF term is isolated as existence of a fully coherent certificate for the unchanged context type and term.
IC391-completed-cwf-set-interpretation	checked	incidence-theory/IncidenceTheory/DependentCompletedCwFInterpretation.lean	noncomputable def IncDepCompletedTyping.interpretCwF	A completed syntactic judgment simultaneously carries its conservative finite-CwF embedding and a set-valued semantic context type and term.
IC392-completed-cwf-identity-coherence	checked	incidence-theory/IncidenceTheory/DependentCompletedCwFInterpretation.lean	theorem IncDepCompletedTyping.interpretCwF_identity_coherent	The completed set-valued interpretation commutes with semantic identity substitution through the certified fiber equivalence.
IC393-completed-cwf-comparison-capstone	checked	incidence-theory/IncidenceTheory/DependentCompletedCwFInterpretation.lean	theorem incDepCompletedCwFComparisonTheorem	One certificate packages syntax-conservative context type and term embeddings, the exact completion gate, and identity-substitution coherence for the completed fragment.
IC394-completed-semantic-substitution	checked	incidence-theory/IncidenceTheory/DependentCompletedSubstitutionNaturality.lean	structure IncDepCompletedSemanticSubstitution	A semantic realization of a raw substitution bundles source and target context interpretations, a semantic substitution, and interpretations of every replacement variable.
IC395-completed-finite-substitution	checked	incidence-theory/IncidenceTheory/DependentCompletedSubstitutionNaturality.lean	noncomputable def IncDepCompletedSemanticSubstitution.finiteSubstitution	Every semantically realized raw substitution determines the corresponding morphism in the finite-support syntactic context category.
IC396-completed-reindex-syntax-exact	checked	incidence-theory/IncidenceTheory/DependentCompletedSubstitutionNaturality.lean	theorem IncDepCompletedSemanticSubstitution.reindex_term_raw	Finite-CwF reindexing along the induced substitution is definitionally the raw substitution of the unchanged original term.
IC397-completed-interpret-along-substitution	checked	incidence-theory/IncidenceTheory/DependentCompletedSubstitutionNaturality.lean	noncomputable def IncDepCompletedTyping.interpretAlong	The general mutual semantic dispatcher interprets any completed judgment along any semantically realized raw substitution.
IC398-completed-substitution-naturality	checked	incidence-theory/IncidenceTheory/DependentCompletedSubstitutionNaturality.lean	theorem IncDepCompletedTyping.interpretAlong_coherent	For arbitrary semantically realized substitutions, the transported interpretation of the syntactically substituted term equals semantic substitution of the original interpretation.
IC399-completed-substitution-coverage-gate	checked	incidence-theory/IncidenceTheory/DependentCompletedSubstitutionNaturality.lean	def IncDepCompletedSubstitutionSemanticCoverage	The remaining global semantic-substitution obligation is isolated as existence of realization data for every raw substitution into every completed judgment.
IC400-completed-substitution-capstone	checked	incidence-theory/IncidenceTheory/DependentCompletedSubstitutionNaturality.lean	theorem incDepCompletedSubstitutionNaturalityTheorem	One certificate packages exact syntactic reindexing and arbitrary-substitution semantic naturality on the completed and semantically realized fragment.
IC401-completed-context-extension-comparison	checked	incidence-theory/IncidenceTheory/DependentCompletedComprehensionNaturality.lean	structure IncDepCompletedContextExtensionComparison	A completed judgment selects corresponding syntactic and set-valued base contexts, display types, and context extensions.
IC402-completed-context-extension-instance	checked	incidence-theory/IncidenceTheory/DependentCompletedComprehensionNaturality.lean	noncomputable def IncDepCompletedTyping.contextExtensionComparison	The context-extension comparison is constructed from the conservative finite-CwF embedding and the existing set-valued interpretation.
IC403-completed-context-extension-raw	checked	incidence-theory/IncidenceTheory/DependentCompletedComprehensionNaturality.lean	theorem IncDepCompletedTyping.contextExtensionComparison_raw	The syntactic extension selected by the comparison has raw context exactly the original type consed onto the original context.
IC404-completed-syntactic-pairing	checked	incidence-theory/IncidenceTheory/DependentCompletedComprehensionNaturality.lean	noncomputable def IncDepCompletedSemanticSubstitution.syntacticPair	A completed term and semantically realized substitution determine the finite-CwF comprehension pairing.
IC405-completed-syntactic-pairing-projection	checked	incidence-theory/IncidenceTheory/DependentCompletedComprehensionNaturality.lean	theorem IncDepCompletedSemanticSubstitution.syntacticPair_projection	The finite-CwF comprehension pairing followed by its display projection is exactly the original finite substitution.
IC406-completed-syntactic-pairing-generic	checked	incidence-theory/IncidenceTheory/DependentCompletedComprehensionNaturality.lean	theorem IncDepCompletedSemanticSubstitution.syntacticPair_generic	The syntactic generic component of the pairing is exactly raw substitution of the original term.
IC407-completed-semantic-pairing	checked	incidence-theory/IncidenceTheory/DependentCompletedComprehensionNaturality.lean	noncomputable def IncDepCompletedTyping.semanticPairAlong	The same completed term and semantic substitution determine the corresponding set-valued context-extension pairing.
IC408-completed-semantic-pairing-projection	checked	incidence-theory/IncidenceTheory/DependentCompletedComprehensionNaturality.lean	theorem IncDepCompletedTyping.semanticPairAlong_projection	The semantic comprehension pairing followed by display projection is exactly the original semantic substitution.
IC409-completed-semantic-pairing-variable	checked	incidence-theory/IncidenceTheory/DependentCompletedComprehensionNaturality.lean	theorem IncDepCompletedTyping.semanticPairAlong_variable	Substituting the semantic generic variable along the pairing returns the substituted original semantic term.
IC410-completed-comprehension-transport	checked	incidence-theory/IncidenceTheory/DependentCompletedComprehensionNaturality.lean	theorem IncDepCompletedTyping.semanticPairAlong_transport	The semantic generic component is exactly the fiber-transported interpretation of the syntactically substituted term.
IC411-completed-comprehension-capstone	checked	incidence-theory/IncidenceTheory/DependentCompletedComprehensionNaturality.lean	theorem incDepCompletedComprehensionNaturalityTheorem	One certificate packages exact context extension, syntactic pairing laws, and semantic comprehension transport on the completed realized fragment.
IC412-completed-identity-semantic-substitution	checked	incidence-theory/IncidenceTheory/DependentWholeCwFMorphismReadiness.lean	noncomputable def IncDepCompletedTyping.identitySemanticSubstitution	Every completed judgment canonically realizes its raw identity substitution from the synthesized coherent context tree and semantic lookup replacements.
IC413-completed-identity-semantic-map	checked	incidence-theory/IncidenceTheory/DependentWholeCwFMorphismReadiness.lean	theorem IncDepCompletedTyping.identitySemanticSubstitution_map	The semantic map underlying the canonical identity realization is exactly the identity function on semantic assignments.
IC414-completed-identity-coverage	checked	incidence-theory/IncidenceTheory/DependentWholeCwFMorphismReadiness.lean	theorem incDepCompletedIdentitySubstitutionCoverage	Identity semantic-substitution realization exists uniformly for every completed judgment and every completion model.
IC415-whole-cwf-morphism-readiness	checked	incidence-theory/IncidenceTheory/DependentWholeCwFMorphismReadiness.lean	structure IncDepWholeCwFMorphismReadiness	The two global gates for a total CwF morphism are bundled explicitly: completion of every finite-CwF term and semantic realization of every raw substitution.
IC416-whole-cwf-readiness-constructor	checked	incidence-theory/IncidenceTheory/DependentWholeCwFMorphismReadiness.lean	def IncDepWholeCwFMorphismReadiness.ofGates	Separate judgment and substitution coverage proofs canonically assemble into the total-morphism readiness package.
IC417-whole-cwf-readiness-exact	checked	incidence-theory/IncidenceTheory/DependentWholeCwFMorphismReadiness.lean	theorem incDepWholeCwFMorphismReadiness_iff	The readiness package exists if and only if both stated coverage gates hold, so no additional hidden local coherence obligation remains.
IC418-whole-cwf-boundary-capstone	checked	incidence-theory/IncidenceTheory/DependentWholeCwFMorphismReadiness.lean	theorem incDepWholeCwFMorphismBoundaryTheorem	One certificate combines all checked local judgment substitution and comprehension laws, uniform identity realization, and the exact two-gate boundary for totality.
IC419-raw-display-projection	checked	incidence-theory/IncidenceTheory/DependentDisplayProjectionSemantics.lean	noncomputable def incDepRawDisplayProjection	Every raw context extension has a well-typed raw projection substitution whose components are successor variables.
IC420-raw-display-projection-components	checked	incidence-theory/IncidenceTheory/DependentDisplayProjectionSemantics.lean	theorem incDepRawDisplayProjection_term	Each component of the raw display projection is definitionally the variable at the successor index.
IC421-completed-projection-source	checked	incidence-theory/IncidenceTheory/DependentDisplayProjectionSemantics.lean	def IncDepCompletedTyping.projectionSourceWellFormed	A completed type canonically extends its coherent telescope using the formation readiness already contained in the completed judgment.
IC422-completed-projection-realization	checked	incidence-theory/IncidenceTheory/DependentDisplayProjectionSemantics.lean	noncomputable def IncDepCompletedTyping.projectionSemanticSubstitution	The raw display projection has a canonical semantic realization with Sigma projection as map and weakened semantic lookups as replacements.
IC423-completed-projection-semantic-map	checked	incidence-theory/IncidenceTheory/DependentDisplayProjectionSemantics.lean	theorem IncDepCompletedTyping.projectionSemanticSubstitution_map	The semantic map of the realized raw projection is exactly the set-valued context-extension projection.
IC424-completed-projection-replacements	checked	incidence-theory/IncidenceTheory/DependentDisplayProjectionSemantics.lean	theorem IncDepCompletedTyping.projectionSemanticSubstitution_replacement	Every replacement interpretation is exactly its target semantic lookup substituted along the set-valued projection.
IC425-completed-projection-finite-exact	checked	incidence-theory/IncidenceTheory/DependentDisplayProjectionSemantics.lean	theorem IncDepCompletedTyping.projectionFinite_exact	The finite-support morphism induced by the realized raw projection is exactly the syntactic CwF display projection.
IC426-completed-projection-capstone	checked	incidence-theory/IncidenceTheory/DependentDisplayProjectionSemantics.lean	theorem incDepCompletedDisplayProjectionSemanticsTheorem	One certificate packages raw components, uniform semantic realization, and exact agreement with the finite syntactic display projection.
IC427-raw-substitution-composition	checked	incidence-theory/IncidenceTheory/DependentSemanticSubstitutionComposition.lean	noncomputable def IncDepRawSubstitution.comp	Well-typed raw substitutions are closed under componentwise term substitution.
IC428-raw-substitution-composition-components	checked	incidence-theory/IncidenceTheory/DependentSemanticSubstitutionComposition.lean	theorem IncDepRawSubstitution.comp_term	Every component of a composite raw substitution is exactly the corresponding later term substituted by the earlier substitution.
IC429-semantic-substitution-composition	checked	incidence-theory/IncidenceTheory/DependentSemanticSubstitutionComposition.lean	def IncDepRawSubstitutionSemanticResult.comp	Semantic realizations compose by ordinary composition of their assignment maps.
IC430-semantic-substitution-composition-map	checked	incidence-theory/IncidenceTheory/DependentSemanticSubstitutionComposition.lean	theorem IncDepRawSubstitutionSemanticResult.comp_map	The semantic assignment map of a composite realization is definitionally the composite of the two semantic maps.
IC431-semantic-replacement-composition	checked	incidence-theory/IncidenceTheory/DependentSemanticSubstitutionComposition.lean	noncomputable def IncDepRawSubstitutionReplacementSemanticResult.comp	Replacement interpretations for a composite are obtained by reindexing the later replacements along the earlier semantic map.
IC432-target-independent-semantic-substitution	checked	incidence-theory/IncidenceTheory/DependentSemanticSubstitutionComposition.lean	structure IncDepSemanticSubstitutionInto	A substitution realization into a fixed interpreted context is packaged independently of any selected target term judgment.
IC433-target-independent-finite-substitution	checked	incidence-theory/IncidenceTheory/DependentSemanticSubstitutionComposition.lean	noncomputable def IncDepSemanticSubstitutionInto.finiteSubstitution	Every target-independent realization determines its exact finite-support context morphism.
IC434-completed-to-target-independent-realization	checked	incidence-theory/IncidenceTheory/DependentSemanticSubstitutionComposition.lean	def IncDepCompletedSemanticSubstitution.toSemanticInto	A completed term-specific semantic substitution forgets canonically to the target-independent realization interface.
IC435-completed-semantic-composition	checked	incidence-theory/IncidenceTheory/DependentSemanticSubstitutionComposition.lean	noncomputable def IncDepCompletedSemanticSubstitution.comp	Completed semantic realizations are closed under precomposition by target-independent semantic realizations into their source context.
IC436-completed-semantic-composition-finite-exact	checked	incidence-theory/IncidenceTheory/DependentSemanticSubstitutionComposition.lean	theorem IncDepCompletedSemanticSubstitution.comp_finite_exact	The finite-support morphism of a composite semantic realization is exactly categorical composition in the finite syntactic context category.
IC437-semantic-substitution-composition-capstone	checked	incidence-theory/IncidenceTheory/DependentSemanticSubstitutionComposition.lean	theorem incDepSemanticSubstitutionCompositionTheorem	One certificate packages raw component exactness, semantic-realization composition closure, and exact finite categorical functoriality.
IC438-completed-raw-comprehension-pair	checked	incidence-theory/IncidenceTheory/DependentSemanticPairingRealization.lean	noncomputable def IncDepCompletedSemanticSubstitution.rawPair	A realized base substitution and completed target term determine a well-typed raw substitution into the corresponding context extension.
IC439-completed-raw-pair-head	checked	incidence-theory/IncidenceTheory/DependentSemanticPairingRealization.lean	theorem IncDepCompletedSemanticSubstitution.rawPair_zero	The newest component of the raw pairing is exactly the completed term reindexed by the base substitution.
IC440-completed-raw-pair-tail	checked	incidence-theory/IncidenceTheory/DependentSemanticPairingRealization.lean	theorem IncDepCompletedSemanticSubstitution.rawPair_succ	Every older component of the raw pairing is exactly the corresponding component of the base substitution.
IC441-completed-semantic-pair-realization	checked	incidence-theory/IncidenceTheory/DependentSemanticPairingRealization.lean	noncomputable def IncDepCompletedSemanticSubstitution.pairSemanticInto	The raw comprehension pairing has a target-independent semantic realization whose map is Sigma pairing and whose head and tail replacements are inherited from interpretation and the base realization.
IC442-completed-semantic-pair-map	checked	incidence-theory/IncidenceTheory/DependentSemanticPairingRealization.lean	theorem IncDepCompletedSemanticSubstitution.pairSemanticInto_map	The semantic assignment map of the realized raw pairing is exactly the set-valued comprehension pairing.
IC443-completed-semantic-pair-finite-exact	checked	incidence-theory/IncidenceTheory/DependentSemanticPairingRealization.lean	theorem IncDepCompletedSemanticSubstitution.pairSemanticInto_finite_exact	The finite-support morphism induced by the semantic pairing realization equals the syntactic CwF comprehension pairing.
IC444-completed-semantic-pair-capstone	checked	incidence-theory/IncidenceTheory/DependentSemanticPairingRealization.lean	theorem incDepSemanticPairingRealizationTheorem	One certificate packages semantic existence and exact finite-CwF agreement for completed-term comprehension pairings.
IC445-general-semantic-pairing-head	checked	incidence-theory/IncidenceTheory/DependentGeneralSemanticPairing.lean	structure IncDepGeneralSemanticPairingHead	The exact local data for an arbitrary source-side pairing head bundles coherent target formation, source typing, formation transport, and a source semantic term.
IC446-general-semantic-pairing-extension	checked	incidence-theory/IncidenceTheory/DependentGeneralSemanticPairing.lean	def IncDepGeneralSemanticPairingHead.extendedWellFormed	A coherent target telescope and coherent display formation canonically form the extended coherent target context.
IC447-general-semantic-pairing-target-semantics	checked	incidence-theory/IncidenceTheory/DependentGeneralSemanticPairing.lean	def IncDepGeneralSemanticPairingHead.extendedTargetResult	The semantic target context extends by the target-side family supplied by the certified formation transport.
IC448-general-raw-pairing	checked	incidence-theory/IncidenceTheory/DependentGeneralSemanticPairing.lean	noncomputable def IncDepGeneralSemanticPairingHead.rawPair	An arbitrary well-typed source head and realized base substitution form a proof-relevant raw substitution into the context extension.
IC449-general-raw-pairing-head	checked	incidence-theory/IncidenceTheory/DependentGeneralSemanticPairing.lean	theorem IncDepGeneralSemanticPairingHead.rawPair_zero	The newest component of the general raw pairing is exactly the arbitrary source head term.
IC450-general-raw-pairing-tail	checked	incidence-theory/IncidenceTheory/DependentGeneralSemanticPairing.lean	theorem IncDepGeneralSemanticPairingHead.rawPair_succ	Every older component of the general raw pairing is inherited exactly from the base substitution.
IC451-general-semantic-pairing-realization	checked	incidence-theory/IncidenceTheory/DependentGeneralSemanticPairing.lean	noncomputable def IncDepGeneralSemanticPairingHead.realization	The arbitrary raw pairing has a target-independent semantic realization obtained by transporting the source head across the formation equivalence.
IC452-general-semantic-pairing-projection	checked	incidence-theory/IncidenceTheory/DependentGeneralSemanticPairing.lean	theorem IncDepGeneralSemanticPairingHead.realization_projection	The semantic pairing followed by the set-valued display projection is exactly the base semantic substitution.
IC453-general-semantic-pairing-variable	checked	incidence-theory/IncidenceTheory/DependentGeneralSemanticPairing.lean	theorem IncDepGeneralSemanticPairingHead.realization_variable	The semantic generic variable along the pairing is exactly the formation-transported arbitrary source head term.
IC454-general-semantic-pairing-finite-type	checked	incidence-theory/IncidenceTheory/DependentGeneralSemanticPairing.lean	noncomputable def IncDepGeneralSemanticPairingHead.targetFiniteType	The coherent target formation determines the corresponding finite syntactic display type.
IC455-general-semantic-pairing-finite-exact	checked	incidence-theory/IncidenceTheory/DependentGeneralSemanticPairing.lean	theorem IncDepGeneralSemanticPairingHead.realization_finite_exact	The finite morphism induced by the general semantic realization is exactly the quotient-CwF pairing with the arbitrary source head.
IC456-general-semantic-pairing-capstone	checked	incidence-theory/IncidenceTheory/DependentGeneralSemanticPairing.lean	theorem incDepGeneralSemanticPairingTheorem	One certificate packages semantic realization existence and finite-CwF exactness for arbitrary source-side pairing heads whenever their explicit formation and typing semantics are supplied.
IC457-raw-substitution-tail	checked	incidence-theory/IncidenceTheory/DependentRawSubstitutionDecomposition.lean	noncomputable def IncDepRawSubstitution.tail	Every substitution into an extended target canonically restricts to the older target context.
IC458-raw-substitution-tail-components	checked	incidence-theory/IncidenceTheory/DependentRawSubstitutionDecomposition.lean	theorem IncDepRawSubstitution.tail_term	Each tail component is exactly the successor-indexed component of the original substitution.
IC459-raw-substitution-head-typing	checked	incidence-theory/IncidenceTheory/DependentRawSubstitutionDecomposition.lean	noncomputable def IncDepRawSubstitution.headTyping	The newest component of every substitution is well typed in the display type reindexed along its tail.
IC460-proof-relevant-raw-pair	checked	incidence-theory/IncidenceTheory/DependentRawSubstitutionDecomposition.lean	noncomputable def IncDepRawSubstitution.extendPair	A raw tail substitution and arbitrary well-typed head form a proof-relevant raw substitution into the context extension.
IC461-proof-relevant-raw-pair-head	checked	incidence-theory/IncidenceTheory/DependentRawSubstitutionDecomposition.lean	theorem IncDepRawSubstitution.extendPair_zero	The newest component of the proof-relevant raw pairing is exactly its supplied head.
IC462-proof-relevant-raw-pair-tail	checked	incidence-theory/IncidenceTheory/DependentRawSubstitutionDecomposition.lean	theorem IncDepRawSubstitution.extendPair_succ	Every older component of the proof-relevant raw pairing is exactly inherited from its tail substitution.
IC463-raw-substitution-component-decomposition	checked	incidence-theory/IncidenceTheory/DependentRawSubstitutionDecomposition.lean	theorem IncDepRawSubstitution.tail_extendPair_head_term	Every raw substitution has exactly the same term function as the pairing of its canonical tail and head.
IC464-raw-substitution-proof-erased-decomposition	checked	incidence-theory/IncidenceTheory/DependentRawSubstitutionDecomposition.lean	theorem IncDepRawSubstitution.tail_extendPair_head_extensional	After erasing proof-relevant typing derivations, every raw substitution equals the pairing of its canonical tail and head.
IC465-raw-substitution-tail-finite	checked	incidence-theory/IncidenceTheory/DependentRawSubstitutionDecomposition.lean	noncomputable def IncDepRawSubstitution.tailFinite	The canonical tail determines its finite-support quotient morphism.
IC466-raw-substitution-target-finite-type	checked	incidence-theory/IncidenceTheory/DependentRawSubstitutionDecomposition.lean	noncomputable def IncDepRawSubstitution.targetFiniteType	The target display formation determines the finite CwF type used in decomposition.
IC467-raw-substitution-finite-pair-decomposition	checked	incidence-theory/IncidenceTheory/DependentRawSubstitutionDecomposition.lean	theorem IncDepRawSubstitution.finite_eq_pair_tail_head	Every raw substitution class is exactly the finite quotient-CwF pairing of its tail class and newest component.
IC468-raw-substitution-decomposition-capstone	checked	incidence-theory/IncidenceTheory/DependentRawSubstitutionDecomposition.lean	theorem incDepRawSubstitutionDecompositionTheorem	One certificate packages componentwise, proof-erased, and finite-CwF pairing decomposition of every substitution into an extended target.
IC469-semantic-realization-term-invariance	checked	incidence-theory/IncidenceTheory/DependentSemanticSubstitutionInduction.lean	noncomputable def IncDepSemanticSubstitutionInto.ofTermEq	A semantic realization transports across a change of proof-relevant substitution witnesses whenever the underlying term functions agree.
IC470-semantic-realization-term-invariance-map	checked	incidence-theory/IncidenceTheory/DependentSemanticSubstitutionInduction.lean	theorem IncDepSemanticSubstitutionInto.ofTermEq_map	Transport across proof-witness change preserves the semantic assignment map exactly.
IC471-empty-target-semantic-realization	checked	incidence-theory/IncidenceTheory/DependentSemanticSubstitutionInduction.lean	noncomputable def IncDepRawSubstitution.emptySemanticInto	Every raw substitution into the empty context has a canonical semantic realization because there are no target lookup replacements.
IC472-empty-target-semantic-map	checked	incidence-theory/IncidenceTheory/DependentSemanticSubstitutionInduction.lean	theorem IncDepRawSubstitution.emptySemanticInto_map	The canonical empty-target semantic map is the unique function into the lifted unit assignment.
IC473-semantic-substitution-induction-step	checked	incidence-theory/IncidenceTheory/DependentSemanticSubstitutionInduction.lean	noncomputable def IncDepRawSubstitution.semanticIntoOfTailAndHead	A realization of the canonical tail plus general semantic data for the actual head realizes the original proof-relevant substitution.
IC474-semantic-substitution-induction-step-map	checked	incidence-theory/IncidenceTheory/DependentSemanticSubstitutionInduction.lean	theorem IncDepRawSubstitution.semanticIntoOfTailAndHead_map	The induction-step realization preserves exactly the semantic pairing assignment map.
IC475-semantic-substitution-induction-capstone	checked	incidence-theory/IncidenceTheory/DependentSemanticSubstitutionInduction.lean	theorem incDepSemanticSubstitutionInductionTheorem	One certificate packages proof-witness invariance, automatic empty-target realization, and the exact head-tail extension step for recursive substitution coverage.
IC476-semantic-lookup-coherence	checked	incidence-theory/IncidenceTheory/DependentCoherentSemanticSubstitution.lean	structure IncDepSemanticLookupCoherence	A replacement family is fiber-equivalent to the target lookup family reindexed by the semantic map, and the transported replacement term equals the reindexed target variable.
IC477-coherent-semantic-substitution-interface	checked	incidence-theory/IncidenceTheory/DependentCoherentSemanticSubstitution.lean	structure IncDepCoherentSemanticSubstitutionInto	The strengthened target-independent realization packages a target semantic tree and intrinsic coherence for every target lookup.
IC478-coherent-semantic-substitution-map	checked	incidence-theory/IncidenceTheory/DependentCoherentSemanticSubstitution.lean	def IncDepCoherentSemanticSubstitutionInto.semanticSubstitution	The semantic assignment map of a strengthened realization is exposed without forgetting its lookup coherence.
IC479-coherent-identity-substitution	checked	incidence-theory/IncidenceTheory/DependentCoherentSemanticSubstitution.lean	noncomputable def IncDepCoherentSemanticSubstitutionInto.identity	Identity substitution satisfies intrinsic lookup coherence over every coherently interpreted context.
IC480-coherent-identity-map	checked	incidence-theory/IncidenceTheory/DependentCoherentSemanticSubstitution.lean	theorem IncDepCoherentSemanticSubstitutionInto.identity_map	The semantic assignment map of the strengthened identity realization is exactly identity.
IC481-coherent-display-projection	checked	incidence-theory/IncidenceTheory/DependentCoherentSemanticSubstitution.lean	noncomputable def IncDepCompletedTyping.coherentProjectionSemanticSubstitution	Every completed display projection satisfies the strengthened lookup-coherence interface using its synthesized target semantic tree.
IC482-coherent-display-projection-map	checked	incidence-theory/IncidenceTheory/DependentCoherentSemanticSubstitution.lean	theorem IncDepCompletedTyping.coherentProjectionSemanticSubstitution_map	The strengthened projection realization retains exactly the set-valued Sigma projection as semantic map.
IC483-coherent-semantic-substitution-capstone	checked	incidence-theory/IncidenceTheory/DependentCoherentSemanticSubstitution.lean	theorem incDepCoherentSemanticSubstitutionTheorem	One certificate packages strengthened lookup coherence for identity substitutions and completed display projections with exact target-tree preservation.
IC484-generic-semantic-substitution-composition	checked	incidence-theory/IncidenceTheory/DependentCoherentSemanticSubstitutionClosure.lean	noncomputable def IncDepSemanticSubstitutionInto.comp	Target-independent semantic realizations compose without reference to a selected completed term judgment.
IC485-generic-semantic-substitution-composition-map	checked	incidence-theory/IncidenceTheory/DependentCoherentSemanticSubstitutionClosure.lean	theorem IncDepSemanticSubstitutionInto.comp_map	The semantic assignment map of the generic composite is exactly function composition.
IC486-coherent-semantic-substitution-composition	checked	incidence-theory/IncidenceTheory/DependentCoherentSemanticSubstitutionClosure.lean	noncomputable def IncDepCoherentSemanticSubstitutionInto.comp	Lookup-coherent semantic substitutions are closed under composition by reindexing the later lookup equivalences along the earlier semantic map.
IC487-coherent-semantic-substitution-composition-map	checked	incidence-theory/IncidenceTheory/DependentCoherentSemanticSubstitutionClosure.lean	theorem IncDepCoherentSemanticSubstitutionInto.comp_map	The strengthened composite retains exactly the composite semantic assignment map.
IC488-coherent-general-semantic-pairing	checked	incidence-theory/IncidenceTheory/DependentCoherentSemanticSubstitutionClosure.lean	noncomputable def IncDepGeneralSemanticPairingHead.coherentRealization	General arbitrary source-side pairing preserves intrinsic lookup coherence for the newest and all inherited target components.
IC489-coherent-general-semantic-pairing-map	checked	incidence-theory/IncidenceTheory/DependentCoherentSemanticSubstitutionClosure.lean	theorem IncDepGeneralSemanticPairingHead.coherentRealization_map	The strengthened general pairing retains exactly the Sigma-valued semantic assignment map.
IC490-coherent-semantic-substitution-closure-capstone	checked	incidence-theory/IncidenceTheory/DependentCoherentSemanticSubstitutionClosure.lean	theorem incDepCoherentSemanticSubstitutionClosureTheorem	One certificate packages composition and arbitrary source-side pairing closure for intrinsically lookup-coherent semantic substitutions.
IC491-completed-coherent-substitution-coverage	checked	incidence-theory/IncidenceTheory/DependentCoherentWholeCwFReadiness.lean	def IncDepCompletedCoherentSubstitutionCoverage	Global substitution coverage is strengthened by anchoring every target to a fixed completion model's canonical semantic context and requiring intrinsic lookup coherence.
IC492-coherent-to-completed-substitution	checked	incidence-theory/IncidenceTheory/DependentCoherentWholeCwFReadiness.lean	noncomputable def IncDepCoherentSemanticSubstitutionInto.toCompleted	A canonical lookup-coherent realization forgets to the existing completed semantic-substitution record while retaining its target tree.
IC493-coherent-to-completed-map	checked	incidence-theory/IncidenceTheory/DependentCoherentWholeCwFReadiness.lean	theorem IncDepCoherentSemanticSubstitutionInto.toCompleted_map	Forgetting intrinsic lookup coherence preserves the semantic assignment map exactly.
IC494-coherent-coverage-implies-basic	checked	incidence-theory/IncidenceTheory/DependentCoherentWholeCwFReadiness.lean	theorem IncDepCompletedCoherentSubstitutionCoverage.toBasic	Canonical lookup-coherent global coverage implies the previous completed substitution coverage gate.
IC495-coherent-whole-cwf-readiness	checked	incidence-theory/IncidenceTheory/DependentCoherentWholeCwFReadiness.lean	structure IncDepCoherentWholeCwFMorphismReadiness	Strengthened whole-CwF readiness bundles judgment completion with canonical lookup-coherent substitution coverage.
IC496-coherent-whole-cwf-readiness-constructor	checked	incidence-theory/IncidenceTheory/DependentCoherentWholeCwFReadiness.lean	def IncDepCoherentWholeCwFMorphismReadiness.ofGates	The strengthened readiness package is constructed directly from its judgment and coherent substitution gates.
IC497-coherent-whole-cwf-readiness-exact	checked	incidence-theory/IncidenceTheory/DependentCoherentWholeCwFReadiness.lean	theorem incDepCoherentWholeCwFMorphismReadiness_iff	Strengthened readiness exists if and only if judgment completion and canonical lookup-coherent substitution coverage both hold.
IC498-coherent-whole-cwf-readiness-forgetful	checked	incidence-theory/IncidenceTheory/DependentCoherentWholeCwFReadiness.lean	noncomputable def IncDepCoherentWholeCwFMorphismReadiness.toBasic	Every strengthened readiness certificate canonically yields the previous whole-CwF readiness certificate.
IC499-coherent-whole-cwf-boundary-capstone	checked	incidence-theory/IncidenceTheory/DependentCoherentWholeCwFReadiness.lean	theorem incDepCoherentWholeCwFMorphismBoundaryTheorem	One certificate combines all local CwF laws, intrinsic identity projection and closure results, the exact strengthened totality boundary, and forgetful soundness to the prior boundary.
IC500-coherent-realization-term-invariance	checked	incidence-theory/IncidenceTheory/DependentCoherentSemanticSubstitutionInduction.lean	noncomputable def IncDepCoherentSemanticSubstitutionInto.ofTermEq	Intrinsic lookup-coherent realization transports across changes of proof-relevant substitution witnesses with the same term function.
IC501-coherent-realization-term-invariance-map	checked	incidence-theory/IncidenceTheory/DependentCoherentSemanticSubstitutionInduction.lean	theorem IncDepCoherentSemanticSubstitutionInto.ofTermEq_map	Strengthened proof-witness transport preserves the semantic assignment map exactly.
IC502-coherent-realization-term-invariance-tree	checked	incidence-theory/IncidenceTheory/DependentCoherentSemanticSubstitutionInduction.lean	theorem IncDepCoherentSemanticSubstitutionInto.ofTermEq_tree	Strengthened proof-witness transport preserves the target semantic tree exactly.
IC503-coherent-empty-target-realization	checked	incidence-theory/IncidenceTheory/DependentCoherentSemanticSubstitutionInduction.lean	noncomputable def IncDepRawSubstitution.coherentEmptySemanticInto	Every substitution into the empty target has a canonical intrinsically lookup-coherent realization.
IC504-coherent-empty-target-map	checked	incidence-theory/IncidenceTheory/DependentCoherentSemanticSubstitutionInduction.lean	theorem IncDepRawSubstitution.coherentEmptySemanticInto_map	The strengthened empty-target realization has the unique lifted-unit semantic map.
IC505-coherent-substitution-induction-step	checked	incidence-theory/IncidenceTheory/DependentCoherentSemanticSubstitutionInduction.lean	noncomputable def IncDepRawSubstitution.coherentSemanticIntoOfTailAndHead	A coherent canonical-tail realization and general semantic data for the actual head produce a coherent realization of the original proof-relevant substitution.
IC506-coherent-substitution-induction-step-map	checked	incidence-theory/IncidenceTheory/DependentCoherentSemanticSubstitutionInduction.lean	theorem IncDepRawSubstitution.coherentSemanticIntoOfTailAndHead_map	The strengthened induction step retains exactly the semantic pairing assignment map.
IC507-coherent-substitution-induction-capstone	checked	incidence-theory/IncidenceTheory/DependentCoherentSemanticSubstitutionInduction.lean	theorem incDepCoherentSemanticSubstitutionInductionTheorem	One certificate packages proof-witness invariance, automatic empty targets, and arbitrary head-tail extension for recursive intrinsically coherent substitution coverage.
IC508-aligned-context-semantic-tree	checked	incidence-theory/IncidenceTheory/DependentAlignedContextSemantics.lean	inductive IncDepAlignedContextSemanticTree	A dependent semantic telescope is indexed simultaneously by its coherent formation-readiness witness and exact semantic result.
IC509-aligned-context-raw-erasure	checked	incidence-theory/IncidenceTheory/DependentAlignedContextSemantics.lean	noncomputable def IncDepAlignedContextSemanticTree.toRawTree	Every readiness-aligned semantic telescope erases to the established raw semantic tree at the same result index.
IC510-aligned-context-empty-erasure	checked	incidence-theory/IncidenceTheory/DependentAlignedContextSemantics.lean	theorem IncDepAlignedContextSemanticTree.toRawTree_empty	Erasure of the aligned empty telescope is definitionally the canonical empty semantic tree.
IC511-aligned-context-extend-erasure	checked	incidence-theory/IncidenceTheory/DependentAlignedContextSemantics.lean	theorem IncDepAlignedContextSemanticTree.toRawTree_extend	Erasure commutes definitionally with aligned telescope extension.
IC512-aligned-canonical-synthesis	checked	incidence-theory/IncidenceTheory/DependentAlignedContextSemantics.lean	noncomputable def IncDepRawCoherentContext.WellFormed.alignSynthesis	Canonical coherent formation dispatch recursively constructs a semantic tree aligned with the exact readiness telescope.
IC513-aligned-synthesis-package	checked	incidence-theory/IncidenceTheory/DependentAlignedContextSemantics.lean	noncomputable def IncDepRawCoherentContext.WellFormed.synthesizeAligned	The canonical semantic result and its readiness-aligned semantic telescope are packaged dependently.
IC514-aligned-raw-package	checked	incidence-theory/IncidenceTheory/DependentAlignedContextSemantics.lean	noncomputable def IncDepRawCoherentContext.WellFormed.synthesizeAlignedRaw	Erasing alignment retains the dependent semantic result/tree package.
IC515-aligned-raw-package-exact	checked	incidence-theory/IncidenceTheory/DependentAlignedContextSemantics.lean	theorem IncDepRawCoherentContext.WellFormed.synthesizeAlignedRaw_eq	The erased aligned synthesis package equals the existing canonical synthesis package exactly.
IC516-aligned-result-exact	checked	incidence-theory/IncidenceTheory/DependentAlignedContextSemantics.lean	theorem IncDepRawCoherentContext.WellFormed.synthesizeAligned_result_eq	Aligned synthesis retains the exact canonical semantic-result index.
IC517-aligned-tree-exact	checked	incidence-theory/IncidenceTheory/DependentAlignedContextSemantics.lean	theorem IncDepRawCoherentContext.WellFormed.synthesizeAligned_tree_eq	The erased aligned tree is heterogeneously equal to the existing canonical semantic tree at its dependent index.
IC518-aligned-context-semantics-capstone	checked	incidence-theory/IncidenceTheory/DependentAlignedContextSemantics.lean	theorem incDepAlignedContextSemanticsTheorem	One certificate packages exact aligned synthesis at the result, tree, and dependent-package levels.
IC519-source-head-typing-semantic-coverage	checked	incidence-theory/IncidenceTheory/DependentSourceHeadSemanticCoverage.lean	def IncDepSourceHeadTypingSemanticCoverage	The remaining local source-head hypothesis is isolated as semantic typing coverage after canonical formation dispatch.
IC520-source-head-formation-automatic	checked	incidence-theory/IncidenceTheory/DependentSourceHeadSemanticCoverage.lean	noncomputable def IncDepCoherentSemanticSubstitutionInto.sourceHeadFormation	Canonical formation preservation automatically constructs the formation-substitution fiber for every coherent tail realization.
IC521-source-head-build-general-pairing	checked	incidence-theory/IncidenceTheory/DependentSourceHeadSemanticCoverage.lean	noncomputable def IncDepSourceHeadTypingSemanticCoverage.buildHead	Typing-only source-head coverage completes automatic formation dispatch into a general semantic pairing package.
IC522-source-head-build-term-exact	checked	incidence-theory/IncidenceTheory/DependentSourceHeadSemanticCoverage.lean	theorem IncDepSourceHeadTypingSemanticCoverage.buildHead_term	The constructed general pairing package retains the requested arbitrary source-head term exactly.
IC523-source-head-coherent-extension	checked	incidence-theory/IncidenceTheory/DependentSourceHeadSemanticCoverage.lean	noncomputable def IncDepSourceHeadTypingSemanticCoverage.extendCoherently	Typing-only source-head coverage closes the coherent recursive extension step for the original proof-relevant substitution.
IC524-source-head-coverage-boundary-capstone	checked	incidence-theory/IncidenceTheory/DependentSourceHeadSemanticCoverage.lean	theorem incDepSourceHeadSemanticCoverageBoundaryTheorem	One certificate states automatic formation synthesis and exact general-head construction from the minimal remaining typing-semantic coverage assumption.
IC525-two-sided-coherent-interface	checked	incidence-theory/IncidenceTheory/DependentTwoSidedCoherentSemanticSubstitution.lean	structure IncDepTwoSidedCoherentSemanticSubstitutionInto	A strengthened coherent semantic substitution retains the semantic context tree at both source and target.
IC526-two-sided-semantic-map	checked	incidence-theory/IncidenceTheory/DependentTwoSidedCoherentSemanticSubstitution.lean	def IncDepTwoSidedCoherentSemanticSubstitutionInto.semanticSubstitution	The two-sided interface exposes the same exact semantic assignment map as its coherent realization.
IC527-two-sided-identity	checked	incidence-theory/IncidenceTheory/DependentTwoSidedCoherentSemanticSubstitution.lean	noncomputable def IncDepTwoSidedCoherentSemanticSubstitutionInto.identity	Identity substitutions are coherently anchored by one semantic tree at both endpoints.
IC528-two-sided-identity-source-tree	checked	incidence-theory/IncidenceTheory/DependentTwoSidedCoherentSemanticSubstitution.lean	theorem IncDepTwoSidedCoherentSemanticSubstitutionInto.identity_sourceTree	The two-sided identity retains its supplied source semantic tree exactly.
IC529-two-sided-proof-transport	checked	incidence-theory/IncidenceTheory/DependentTwoSidedCoherentSemanticSubstitution.lean	noncomputable def IncDepTwoSidedCoherentSemanticSubstitutionInto.ofTermEq	Two-sided coherence transports across proof-relevant substitutions with the same computational term function.
IC530-two-sided-proof-transport-source-tree	checked	incidence-theory/IncidenceTheory/DependentTwoSidedCoherentSemanticSubstitution.lean	theorem IncDepTwoSidedCoherentSemanticSubstitutionInto.ofTermEq_sourceTree	Proof-witness transport preserves the exact source semantic tree.
IC531-two-sided-empty	checked	incidence-theory/IncidenceTheory/DependentTwoSidedCoherentSemanticSubstitution.lean	noncomputable def IncDepRawSubstitution.twoSidedCoherentEmptySemanticInto	Every substitution into the empty target is two-sided coherent once its source semantic tree is supplied.
IC532-two-sided-empty-source-tree	checked	incidence-theory/IncidenceTheory/DependentTwoSidedCoherentSemanticSubstitution.lean	theorem IncDepRawSubstitution.twoSidedCoherentEmpty_sourceTree	The empty-target realization retains its supplied source semantic tree exactly.
IC533-two-sided-head-extension	checked	incidence-theory/IncidenceTheory/DependentTwoSidedCoherentSemanticSubstitution.lean	noncomputable def IncDepSourceHeadTypingSemanticCoverage.extendTwoSidedCoherently	Typing-only head coverage extends a two-sided coherent tail to the original proof-relevant substitution.
IC534-two-sided-head-extension-source-tree	checked	incidence-theory/IncidenceTheory/DependentTwoSidedCoherentSemanticSubstitution.lean	theorem IncDepSourceHeadTypingSemanticCoverage.extendTwoSidedCoherently_sourceTree	Two-sided arbitrary-head extension preserves the exact source semantic telescope.
IC535-two-sided-coherent-capstone	checked	incidence-theory/IncidenceTheory/DependentTwoSidedCoherentSemanticSubstitution.lean	theorem incDepTwoSidedCoherentSemanticSubstitutionTheorem	One certificate packages source-tree-anchored identity, empty targets, and proof-witness invariance.
IC536-source-identity-typing-dispatch	checked	incidence-theory/IncidenceTheory/DependentSourceHeadReadinessAlignment.lean	noncomputable def IncDepTwoSidedCoherentSemanticSubstitutionInto.sourceIdentityTypingDispatch	Canonical typing preservation interprets a coherently ready source judgment along identity on the retained source semantic tree.
IC537-source-head-readiness-alignment	checked	incidence-theory/IncidenceTheory/DependentSourceHeadReadinessAlignment.lean	structure IncDepSourceHeadReadinessAlignment	The exact local discharge witness combines coherent source typing readiness with a fiber equivalence to the semantic-tail formation result.
IC538-source-head-aligned-typing-result	checked	incidence-theory/IncidenceTheory/DependentSourceHeadReadinessAlignment.lean	noncomputable def IncDepSourceHeadReadinessAlignment.typingResult	Aligned readiness transports the identity-dispatch term into the required source formation fiber.
IC539-source-head-readiness-alignment-coverage	checked	incidence-theory/IncidenceTheory/DependentSourceHeadReadinessAlignment.lean	def IncDepSourceHeadReadinessAlignmentCoverage	Global aligned-readiness coverage quantifies source-tree and alignment witnesses for every arbitrary source head.
IC540-source-head-alignment-discharges-typing	checked	incidence-theory/IncidenceTheory/DependentSourceHeadReadinessAlignment.lean	noncomputable def IncDepSourceHeadReadinessAlignmentCoverage.toTypingCoverage	Global aligned-readiness coverage implies the complete typing-only source-head semantic coverage gate.
IC541-source-head-readiness-alignment-capstone	checked	incidence-theory/IncidenceTheory/DependentSourceHeadReadinessAlignment.lean	theorem incDepSourceHeadReadinessAlignmentTheorem	One certificate packages source identity interpretation and the exact discharge of typing-only source-head coverage.
IC542-global-two-sided-package	checked	incidence-theory/IncidenceTheory/DependentGlobalTwoSidedSubstitutionCoverage.lean	structure IncDepGlobalTwoSidedSubstitutionPackage	A dependent package stores a two-sided realization and heterogeneous exactness of its supplied source semantic tree.
IC543-global-two-sided-coverage	checked	incidence-theory/IncidenceTheory/DependentGlobalTwoSidedSubstitutionCoverage.lean	def IncDepGlobalTwoSidedSubstitutionCoverage	Every raw substitution into a coherent target has an existential two-sided semantic realization retaining the fixed source endpoint.
IC544-recursive-two-sided-realization	checked	incidence-theory/IncidenceTheory/DependentGlobalTwoSidedSubstitutionCoverage.lean	noncomputable def IncDepSourceHeadTypingSemanticCoverage.realizeTwoSided	Typing-only source-head coverage recursively realizes every raw substitution over its target telescope.
IC545-recursive-source-tree-exact	checked	incidence-theory/IncidenceTheory/DependentGlobalTwoSidedSubstitutionCoverage.lean	theorem IncDepSourceHeadTypingSemanticCoverage.realizeTwoSided_sourceTree	The recursive global realization retains the supplied dependent source semantic tree exactly.
IC546-typing-coverage-implies-global-two-sided	checked	incidence-theory/IncidenceTheory/DependentGlobalTwoSidedSubstitutionCoverage.lean	noncomputable def IncDepSourceHeadTypingSemanticCoverage.toGlobalTwoSidedCoverage	The local typing-only source-head gate suffices for global two-sided substitution coverage.
IC547-alignment-coverage-implies-global-two-sided	checked	incidence-theory/IncidenceTheory/DependentGlobalTwoSidedSubstitutionCoverage.lean	noncomputable def IncDepSourceHeadReadinessAlignmentCoverage.toGlobalTwoSidedCoverage	Readiness/alignment coverage implies global two-sided substitution coverage through the exact local discharge theorem.
IC548-global-two-sided-coverage-capstone	checked	incidence-theory/IncidenceTheory/DependentGlobalTwoSidedSubstitutionCoverage.lean	theorem incDepGlobalTwoSidedSubstitutionCoverageTheorem	One certificate packages both sufficient local gates and exact source-tree preservation for the global recursion.
IC549-canonical-formation-target-invariance	checked	incidence-theory/IncidenceTheory/DependentFormationTargetInvariance.lean	def IncDepCanonicalFormationTargetInvariance	The exact anchoring law makes canonical target formation semantics independent of every source-side substitution input.
IC550-base-target-invariance	checked	incidence-theory/IncidenceTheory/DependentFormationTargetInvariance.lean	theorem IncDepRawSubstitutionFiberModel.base_targetFormation_invariant	Base formation target semantics is source-independent definitionally.
IC551-unit-target-invariance	checked	incidence-theory/IncidenceTheory/DependentFormationTargetInvariance.lean	theorem IncDepRawSubstitutionFiberModel.unit_targetFormation_invariant	Unit formation target semantics is source-independent definitionally.
IC552-source-head-target-identity-equality	checked	incidence-theory/IncidenceTheory/DependentFormationTargetInvariance.lean	theorem IncDepCoherentSemanticSubstitutionInto.sourceHeadFormation_target_eq	Under target invariance, arbitrary source-head target formation equals identity dispatch on the same target tree.
IC553-formation-target-invariance-capstone	checked	incidence-theory/IncidenceTheory/DependentFormationTargetInvariance.lean	theorem incDepFormationTargetInvarianceBoundaryTheorem	One certificate packages unconditional base and unit target invariance.
IC554-target-typing-dependent-package	checked	incidence-theory/IncidenceTheory/DependentMutualTargetInvarianceMotive.lean	def IncDepRawStrictTypingSubstitutionDispatchResult.targetPackage	A Sigma package bundles the dependent target semantic type and target semantic term emitted by strict typing dispatch.
IC555-local-formation-target-invariance	checked	incidence-theory/IncidenceTheory/DependentMutualTargetInvarianceMotive.lean	def IncDepCanonicalFormationTargetInvariantAt	Formation target-invariance is localized at one coherent formation-readiness witness for mutual induction.
IC556-local-typing-target-invariance	checked	incidence-theory/IncidenceTheory/DependentMutualTargetInvarianceMotive.lean	def IncDepCanonicalTypingTargetInvariantAt	Typing target-invariance records target-formation equality and heterogeneous target semantic-term equality at one coherent typing-readiness witness.
IC557-global-local-formation-invariance-equivalence	checked	incidence-theory/IncidenceTheory/DependentMutualTargetInvarianceMotive.lean	theorem incDepCanonicalFormationTargetInvariance_iff_local	The global formation target-invariance law is exactly equivalent to universal local formation invariance.
IC558-local-base-invariance	checked	incidence-theory/IncidenceTheory/DependentMutualTargetInvarianceMotive.lean	theorem incDepCanonicalFormationTargetInvariantAt_base	The localized mutual-induction formation motive is closed for base types.
IC559-local-unit-invariance	checked	incidence-theory/IncidenceTheory/DependentMutualTargetInvarianceMotive.lean	theorem incDepCanonicalFormationTargetInvariantAt_unit	The localized mutual-induction formation motive is closed for unit types.
IC560-mutual-target-invariance-motive-capstone	checked	incidence-theory/IncidenceTheory/DependentMutualTargetInvarianceMotive.lean	theorem incDepMutualTargetInvarianceMotiveTheorem	One certificate packages global/local equivalence, unconditional base/unit cases, and variable closure under its exact provider law.
IC561-local-typing-unit-invariance	checked	incidence-theory/IncidenceTheory/DependentMutualTargetInvarianceMotive.lean	theorem incDepCanonicalTypingTargetInvariantAt_unit	The localized typing target-invariance motive is closed definitionally for the unit term.
IC562-variable-target-invariance-law	checked	incidence-theory/IncidenceTheory/DependentMutualTargetInvarianceMotive.lean	def IncDepCanonicalVariableTargetInvariance	The exact missing variable-provider law requires target-variable source-independence whenever recursive formation interpretation is source-independent.
IC563-local-variable-invariance-closure	checked	incidence-theory/IncidenceTheory/DependentMutualTargetInvarianceMotive.lean	theorem incDepCanonicalTypingTargetInvariantAt_variable	The explicit variable-provider invariance law closes the variable typing motive from the recursive formation motive.
IC564-strict-pi-target-equation	checked	incidence-theory/IncidenceTheory/DependentFormationConstructorTargetEquations.lean	theorem IncDepRawSubstitutionFiberModel.dispatchStrictPiFormation_target	Strict Pi formation dispatch exposes exactly the semantic Pi of its recursive target formation results.
IC565-strict-sigma-target-equation	checked	incidence-theory/IncidenceTheory/DependentFormationConstructorTargetEquations.lean	theorem IncDepRawSubstitutionFiberModel.dispatchStrictSigmaFormation_target	Strict Sigma formation dispatch exposes exactly the semantic Sigma of its recursive target formation results.
IC566-formation-constructor-target-equations-capstone	checked	incidence-theory/IncidenceTheory/DependentFormationConstructorTargetEquations.lean	theorem incDepFormationConstructorTargetEquationsTheorem	One certificate packages the definitional Pi and Sigma target projection equations.
IC567-dependent-formation-target-package	checked	incidence-theory/IncidenceTheory/DependentFormationTargetPackage.lean	def IncDepRawDependentFormationTargetPackage	A Sigma package binds a domain target formation to a codomain target formation over its exact extended context.
IC568-dependent-target-package-pi	checked	incidence-theory/IncidenceTheory/DependentFormationTargetPackage.lean	def IncDepRawDependentFormationTargetPackage.pi	A dependent target package assembles canonically into a Pi formation semantic result.
IC569-dependent-target-package-sigma	checked	incidence-theory/IncidenceTheory/DependentFormationTargetPackage.lean	def IncDepRawDependentFormationTargetPackage.sigma	A dependent target package assembles canonically into a Sigma formation semantic result.
IC570-dependent-target-package-pi-congruence	checked	incidence-theory/IncidenceTheory/DependentFormationTargetPackage.lean	theorem IncDepRawDependentFormationTargetPackage.pi_congr	Equality of dependent target packages implies equality of their Pi semantic formations.
IC571-dependent-target-package-sigma-congruence	checked	incidence-theory/IncidenceTheory/DependentFormationTargetPackage.lean	theorem IncDepRawDependentFormationTargetPackage.sigma_congr	Equality of dependent target packages implies equality of their Sigma semantic formations.
IC572-dispatch-dependent-target-package	checked	incidence-theory/IncidenceTheory/DependentFormationTargetPackage.lean	def IncDepRawStrictFormationSubstitutionDispatchResult.dependentTargetPackage	Recursive strict formation dispatch results expose their dependent domain/codomain target package.
IC573-strict-pi-target-package-equation	checked	incidence-theory/IncidenceTheory/DependentFormationTargetPackage.lean	theorem IncDepRawSubstitutionFiberModel.dispatchStrictPiFormation_target_package	Strict Pi target formation is definitionally the Pi function of its dependent target package.
IC574-strict-sigma-target-package-equation	checked	incidence-theory/IncidenceTheory/DependentFormationTargetPackage.lean	theorem IncDepRawSubstitutionFiberModel.dispatchStrictSigmaFormation_target_package	Strict Sigma target formation is definitionally the Sigma function of its dependent target package.
IC575-formation-target-package-capstone	checked	incidence-theory/IncidenceTheory/DependentFormationTargetPackage.lean	theorem incDepFormationTargetPackageTheorem	One certificate packages Pi and Sigma congruence over dependent target packages.
IC576-local-pi-target-invariance	checked	incidence-theory/IncidenceTheory/DependentPiSigmaTargetInvariance.lean	theorem incDepCanonicalFormationTargetInvariantAt_pi	Recursive domain and codomain target invariance close the local Pi formation target-invariance motive.
IC577-local-sigma-target-invariance	checked	incidence-theory/IncidenceTheory/DependentPiSigmaTargetInvariance.lean	theorem incDepCanonicalFormationTargetInvariantAt_sigma	Recursive domain and codomain target invariance close the local Sigma formation target-invariance motive.
IC578-pi-sigma-target-invariance-capstone	checked	incidence-theory/IncidenceTheory/DependentPiSigmaTargetInvariance.lean	theorem incDepPiSigmaTargetInvarianceTheorem	One certificate packages recursive Pi and Sigma formation target-invariance closure.
IC579-identity-formation-target-package	checked	incidence-theory/IncidenceTheory/DependentIdentityTargetPackage.lean	def IncDepRawIdentityFormationTargetPackage	A dependent package binds the Identity carrier interpretation and both endpoints in its exact semantic fiber.
IC580-identity-target-package-constructor	checked	incidence-theory/IncidenceTheory/DependentIdentityTargetPackage.lean	def IncDepRawIdentityFormationTargetPackage.identity	An Identity target package assembles canonically into an Identity formation semantic result.
IC581-identity-target-package-congruence	checked	incidence-theory/IncidenceTheory/DependentIdentityTargetPackage.lean	theorem IncDepRawIdentityFormationTargetPackage.identity_congr	Equality of Identity target packages implies equality of their Identity semantic formations.
IC582-dispatch-identity-target-package	checked	incidence-theory/IncidenceTheory/DependentIdentityTargetPackage.lean	def IncDepRawStrictFormationSubstitutionDispatchResult.identityTargetPackage	Strict Identity dispatch inputs expose their exact dependent carrier-and-endpoints target package.
IC583-strict-identity-target-package-equation	checked	incidence-theory/IncidenceTheory/DependentIdentityTargetPackage.lean	theorem IncDepRawSubstitutionFiberModel.dispatchStrictIdentityFormation_target_package	Strict Identity target formation is definitionally the Identity function of its dependent target package.
IC584-identity-normalization-invariance-boundary	checked	incidence-theory/IncidenceTheory/DependentIdentityTargetPackage.lean	def IncDepCanonicalIdentityTargetPackageInvariance	The exact additional Identity law requires normalized endpoint target packages to remain source-independent under the rebase provider.
IC585-local-identity-target-invariance-closure	checked	incidence-theory/IncidenceTheory/DependentIdentityTargetPackage.lean	theorem incDepCanonicalFormationTargetInvariantAt_identity	The explicit Identity package law closes formation target invariance from recursive carrier and endpoint invariance.
IC586-identity-target-package-capstone	checked	incidence-theory/IncidenceTheory/DependentIdentityTargetPackage.lean	theorem incDepIdentityTargetPackageTheorem	One certificate packages Identity target congruence and the exact conditional closure boundary.
IC587-canonical-formation-rebase-provider	checked	incidence-theory/IncidenceTheory/DependentCanonicalRebase.lean	structure IncDepRawCanonicalFormationRebaseProvider	A realizable scoped provider requests rebase only between results carrying provenance from one common canonical formation fiber.
IC588-canonical-rebase-provider-construction	checked	incidence-theory/IncidenceTheory/DependentCanonicalRebase.lean	def incDepRawCanonicalFormationRebaseProvider	Canonical uniqueness constructs the scoped rebase provider without a global arbitrary-fiber hypothesis.
IC589-canonical-formation-normalization	checked	incidence-theory/IncidenceTheory/DependentCanonicalRebase.lean	def IncDepRawStrictTypingSubstitutionDispatchResult.normalizeCanonicalFormation	Typing results normalize to a shared-canonical formation result using provenance-derived rebase.
IC590-canonical-normalization-target-exact	checked	incidence-theory/IncidenceTheory/DependentCanonicalRebase.lean	theorem IncDepRawStrictTypingSubstitutionDispatchResult.normalizeCanonicalFormation_formation	Canonical normalization returns the requested formation result definitionally.
IC591-canonical-rebase-provider-nonempty	checked	incidence-theory/IncidenceTheory/DependentCanonicalRebase.lean	theorem incDepRawCanonicalFormationRebaseProvider_nonempty	The provenance-scoped rebase provider is inhabited in every universe.
IC592-canonical-rebase-boundary-capstone	checked	incidence-theory/IncidenceTheory/DependentCanonicalRebase.lean	theorem incDepCanonicalRebaseTheorem	One certificate contrasts the inhabited canonical provider with the proved impossibility of the unrestricted universe-zero provider.
IC593-explicit-dispatcher-formation-invariance	checked	incidence-theory/IncidenceTheory/DependentDispatcherTargetInvariance.lean	def IncDepFormationTargetInvarianceFor	Formation target invariance is stated directly for an explicit mutual dispatcher without requiring an obsolete global-rebase hypothesis.
IC594-explicit-dispatcher-typing-invariance	checked	incidence-theory/IncidenceTheory/DependentDispatcherTargetInvariance.lean	def IncDepTypingTargetInvarianceFor	Typing target invariance is stated directly for an explicit dispatcher using formation equality and heterogeneous term equality.
IC595-explicit-local-formation-invariance	checked	incidence-theory/IncidenceTheory/DependentDispatcherTargetInvariance.lean	def IncDepFormationTargetInvariantForAt	The dispatcher-parametric formation motive is localized at one coherent readiness derivation.
IC596-explicit-global-local-equivalence	checked	incidence-theory/IncidenceTheory/DependentDispatcherTargetInvariance.lean	theorem incDepFormationTargetInvarianceFor_iff_local	Explicit-dispatcher global target invariance is equivalent to all localized formation motives.
IC597-old-invariance-interface-specialization	checked	incidence-theory/IncidenceTheory/DependentDispatcherTargetInvariance.lean	theorem incDepCanonicalFormationTargetInvariance_eq_dispatcher	The old target-invariance statement is exactly the explicit statement specialized to the old preservation dispatcher.
IC598-scoped-canonical-formation-invariance	checked	incidence-theory/IncidenceTheory/DependentDispatcherTargetInvariance.lean	def IncDepScopedCanonicalFormationTargetInvariance	The target-invariance objective is instantiated on the existing scoped canonical strict preservation dispatcher.
IC599-scoped-canonical-typing-invariance	checked	incidence-theory/IncidenceTheory/DependentDispatcherTargetInvariance.lean	def IncDepScopedCanonicalTypingTargetInvariance	The typing target-invariance objective is instantiated on the scoped canonical strict preservation dispatcher.
IC600-dispatcher-target-invariance-capstone	checked	incidence-theory/IncidenceTheory/DependentDispatcherTargetInvariance.lean	theorem incDepDispatcherTargetInvarianceTheorem	One certificate packages dispatcher-parametric localization and exact compatibility with the legacy statement.
IC601-scoped-base-target-invariance	checked	incidence-theory/IncidenceTheory/DependentScopedTargetInvarianceBase.lean	theorem incDepScopedCanonicalFormationTargetInvariantAt_base	Scoped canonical base formation target invariance holds definitionally.
IC602-scoped-unit-target-invariance	checked	incidence-theory/IncidenceTheory/DependentScopedTargetInvarianceBase.lean	theorem incDepScopedCanonicalFormationTargetInvariantAt_unit	Scoped canonical unit formation target invariance holds definitionally.
IC603-scoped-base-unit-invariance-capstone	checked	incidence-theory/IncidenceTheory/DependentScopedTargetInvarianceBase.lean	theorem incDepScopedTargetInvarianceBaseTheorem	One certificate packages unconditional scoped base and unit formation closure.
IC604-scoped-pi-recursive-target-law	checked	incidence-theory/IncidenceTheory/DependentScopedPiSigmaTargetInvariance.lean	theorem incDepScopedCanonicalFormation_pi_recursive_target	Scoped canonical Pi dispatch definitionally exposes the recursive dependent target package.
IC605-scoped-sigma-recursive-target-law	checked	incidence-theory/IncidenceTheory/DependentScopedPiSigmaTargetInvariance.lean	theorem incDepScopedCanonicalFormation_sigma_recursive_target	Scoped canonical Sigma dispatch definitionally exposes the recursive dependent target package.
IC606-scoped-pi-target-invariance-closure	checked	incidence-theory/IncidenceTheory/DependentScopedPiSigmaTargetInvariance.lean	theorem incDepScopedCanonicalFormationTargetInvariantAt_pi	Recursive scoped domain and codomain invariance close Pi formation target invariance.
IC607-scoped-sigma-target-invariance-closure	checked	incidence-theory/IncidenceTheory/DependentScopedPiSigmaTargetInvariance.lean	theorem incDepScopedCanonicalFormationTargetInvariantAt_sigma	Recursive scoped domain and codomain invariance close Sigma formation target invariance.
IC608-scoped-pi-sigma-invariance-capstone	checked	incidence-theory/IncidenceTheory/DependentScopedPiSigmaTargetInvariance.lean	theorem incDepScopedPiSigmaTargetInvarianceTheorem	One certificate packages scoped Pi/Sigma recursive equations and target-invariance closure.
IC609-explicit-local-typing-invariance	checked	incidence-theory/IncidenceTheory/DependentScopedTypingTargetInvarianceBase.lean	def IncDepTypingTargetInvariantForAt	The dispatcher-parametric typing motive is localized at one coherent typing-readiness derivation.
IC610-typing-global-local-equivalence	checked	incidence-theory/IncidenceTheory/DependentScopedTypingTargetInvarianceBase.lean	theorem incDepTypingTargetInvarianceFor_iff_local	Explicit-dispatcher global typing target invariance is equivalent to all localized typing motives.
IC611-scoped-typing-unit-invariance	checked	incidence-theory/IncidenceTheory/DependentScopedTypingTargetInvarianceBase.lean	theorem incDepScopedCanonicalTypingTargetInvariantAt_unit	Scoped canonical unit typing target invariance holds definitionally.
IC612-scoped-variable-target-invariance-law	checked	incidence-theory/IncidenceTheory/DependentScopedTypingTargetInvarianceBase.lean	def IncDepScopedCanonicalVariableTargetInvariance	The exact variable-provider law requires source-independent target choices on the scoped canonical dispatcher.
IC613-scoped-variable-invariance-closure	checked	incidence-theory/IncidenceTheory/DependentScopedTypingTargetInvarianceBase.lean	theorem incDepScopedCanonicalTypingTargetInvariantAt_variable	The explicit scoped variable law closes variable typing invariance from formation invariance.
IC614-scoped-typing-global-local-equivalence	checked	incidence-theory/IncidenceTheory/DependentScopedTypingTargetInvarianceBase.lean	theorem incDepScopedCanonicalTypingTargetInvariance_iff_local	Scoped canonical global typing target invariance is equivalent to all local typing motives.
IC615-scoped-typing-invariance-base-capstone	checked	incidence-theory/IncidenceTheory/DependentScopedTypingTargetInvarianceBase.lean	theorem incDepScopedTypingTargetInvarianceBaseTheorem	One certificate packages typing localization, unconditional unit closure, and conditional variable closure on the scoped dispatcher.
IC616-scoped-typing-formation-result-alignment	checked	incidence-theory/IncidenceTheory/DependentScopedIdentityTargetInvariance.lean	theorem incDepScopedCanonicalTyping_formation_eq	Canonical fold agreement identifies each scoped typing dispatch formation result with the independently dispatched carrier formation result.
IC617-scoped-endpoint-target-cast	checked	incidence-theory/IncidenceTheory/DependentScopedIdentityTargetInvariance.lean	def IncDepRawStrictTypingSubstitutionDispatchResult.targetTermCast	A target endpoint term transports along exact equality of its typing and carrier formation results.
IC618-scoped-endpoint-target-cast-heq	checked	incidence-theory/IncidenceTheory/DependentScopedIdentityTargetInvariance.lean	theorem IncDepRawStrictTypingSubstitutionDispatchResult.targetTermCast_heq	Transporting an endpoint to the carrier formation preserves the original endpoint up to heterogeneous equality.
IC619-scoped-identity-recursive-path-coherence	checked	incidence-theory/IncidenceTheory/DependentScopedIdentityTargetInvariance.lean	def IncDepScopedIdentityRecursivePathCoherence	The exact remaining law identifies the mutual formation-recursion Identity target with independently evaluated and carrier-transported endpoint typing targets.
IC620-scoped-identity-external-target-package	checked	incidence-theory/IncidenceTheory/DependentScopedIdentityTargetInvariance.lean	def incDepScopedIdentityExternalTargetPackage	Independent scoped carrier and endpoint dispatches assemble into an exact Identity target package using canonical formation alignment.
IC621-scoped-identity-external-package-invariance	checked	incidence-theory/IncidenceTheory/DependentScopedIdentityTargetInvariance.lean	theorem incDepScopedIdentityExternalTargetPackage_eq	Carrier formation invariance and both endpoint typing invariances imply equality of the dependent Identity target packages.
IC622-scoped-identity-formation-invariance-closure	checked	incidence-theory/IncidenceTheory/DependentScopedIdentityTargetInvariance.lean	theorem incDepScopedCanonicalFormationTargetInvariantAt_identity	Recursive carrier and endpoint invariance close scoped Identity formation under the exact mutual-recursion path-coherence law.
IC623-scoped-identity-target-invariance-capstone	checked	incidence-theory/IncidenceTheory/DependentScopedIdentityTargetInvariance.lean	theorem incDepScopedIdentityTargetInvarianceTheorem	One certificate packages unconditional external target-package equality and conditional scoped Identity formation closure.
IC624-global-scoped-formation-target-invariance	checked	incidence-theory/IncidenceTheory/DependentScopedFormationTargetInvariance.lean	theorem incDepScopedCanonicalFormationTargetInvariance_of_typing	Global scoped typing target invariance and Identity recursive path coherence imply target invariance for every coherent formation derivation.
IC625-global-scoped-formation-invariance-capstone	checked	incidence-theory/IncidenceTheory/DependentScopedFormationTargetInvariance.lean	theorem incDepScopedFormationTargetInvarianceTheorem	One certificate packages the full base/unit/Pi/Sigma/Identity formation induction under its exact two global premises.
IC626-scoped-typing-formation-invariance-inheritance	checked	incidence-theory/IncidenceTheory/DependentScopedTypingTargetInvarianceBase.lean	theorem incDepScopedCanonicalTypingFormationTargetInvariantAt	For every scoped typing derivation, formation target invariance of its indexed formation implies the formation component of typing target invariance; all compound typing gaps are therefore reduced to target-term invariance.
IC627-scoped-typing-term-invariance-reduction	checked	incidence-theory/IncidenceTheory/DependentScopedTypingTargetInvarianceBase.lean	theorem incDepScopedCanonicalTypingTargetInvariantAt_iff_term	Under indexed formation target invariance, full local scoped typing target invariance is equivalent to the isolated target-term heterogeneous equality objective.
IC628-scoped-typing-recursive-term-normalization	checked	incidence-theory/IncidenceTheory/DependentScopedLambdaTargetInvariance.lean	theorem incDepScopedCanonicalTyping_target_term_eq_recursive	Every public scoped typing-dispatch target term is definitionally the target term of its recursively generated anchored typing output; constructor proofs may reason on the recursive normal form without losing the public objective.
IC629-scoped-lambda-recursive-term-coherence	checked	incidence-theory/IncidenceTheory/DependentScopedLambdaTargetInvariance.lean	def IncDepScopedLambdaRecursiveTermCoherence	The exact remaining Lambda transport law identifies its recursive target with the lambda of the independently formation-aligned body target, isolating the term choice not supplied by bare formation agreement.
IC630-scoped-formation-invariance-from-typing	checked	incidence-theory/IncidenceTheory/DependentScopedTypingTargetInvarianceBase.lean	theorem incDepScopedCanonicalFormationTargetInvariantAt_of_typing	Full scoped typing target invariance implies target invariance of its indexed formation through canonical formation/typing anchoring.
IC631-scoped-recursive-term-invariance	checked	incidence-theory/IncidenceTheory/DependentScopedLambdaTargetInvariance.lean	def IncDepScopedRecursiveTypingTargetTermInvariantForAt	The target-term invariance objective is stated directly on recursively generated anchored typing outputs.
IC632-public-recursive-term-invariance-equivalence	checked	incidence-theory/IncidenceTheory/DependentScopedLambdaTargetInvariance.lean	theorem incDepScopedCanonicalTypingTargetTermInvariantAt_iff_recursive	Public dispatcher target-term invariance is exactly equivalent to recursive-normal-form target-term invariance.
IC633-lambda-target-package	checked	incidence-theory/IncidenceTheory/DependentScopedLambdaTargetInvariance.lean	def IncDepRawLambdaTargetPackage	A dependent Sigma package binds the Lambda domain target, codomain target over its extension, and body term in the exact codomain fiber.
IC634-lambda-external-package-invariance	checked	incidence-theory/IncidenceTheory/DependentScopedLambdaTargetInvariance.lean	theorem incDepScopedLambdaExternalTargetPackage_eq	Domain formation invariance and body typing invariance imply equality of externally assembled dependent Lambda target packages.
IC635-lambda-term-invariance-closure	checked	incidence-theory/IncidenceTheory/DependentScopedLambdaTargetInvariance.lean	theorem incDepScopedCanonicalTypingTargetTermInvariantAt_lambda	The Lambda target-term objective closes from recursive domain/body invariance under the exact Lambda transport-coherence law.
IC636-lambda-typing-invariance-closure	checked	incidence-theory/IncidenceTheory/DependentScopedLambdaTargetInvariance.lean	theorem incDepScopedCanonicalTypingTargetInvariantAt_lambda	The complete scoped Lambda typing target-invariance case closes, including its inherited Pi formation component, under the exact Lambda transport-coherence law.
IC637-lambda-target-invariance-capstone	checked	incidence-theory/IncidenceTheory/DependentScopedLambdaTargetInvariance.lean	theorem incDepScopedLambdaTargetInvarianceTheorem	One certificate packages conditional recursive closure of the full scoped Lambda typing constructor.
IC638-refl-target-package	checked	incidence-theory/IncidenceTheory/DependentScopedReflTargetInvariance.lean	def IncDepRawReflTargetPackage	A dependent Sigma package binds the carrier formation target and its endpoint term for reflexivity.
IC639-refl-external-package-invariance	checked	incidence-theory/IncidenceTheory/DependentScopedReflTargetInvariance.lean	theorem incDepScopedReflExternalTargetPackage_eq	Carrier formation and endpoint typing invariance imply equality of externally assembled Refl target packages.
IC640-refl-recursive-term-coherence	checked	incidence-theory/IncidenceTheory/DependentScopedReflTargetInvariance.lean	def IncDepScopedReflRecursiveTermCoherence	The exact term-sensitive law identifies the mutual Refl branch target with reflexivity of the independently formation-aligned endpoint target.
IC641-refl-term-invariance-closure	checked	incidence-theory/IncidenceTheory/DependentScopedReflTargetInvariance.lean	theorem incDepScopedCanonicalTypingTargetTermInvariantAt_refl	Refl target-term invariance closes from carrier and endpoint invariance under the exact Refl recursive term-coherence law.
IC642-refl-typing-invariance-closure	checked	incidence-theory/IncidenceTheory/DependentScopedReflTargetInvariance.lean	theorem incDepScopedCanonicalTypingTargetInvariantAt_refl	Full scoped Refl typing target invariance closes under Identity path coherence and Refl term coherence.
IC643-refl-target-invariance-capstone	checked	incidence-theory/IncidenceTheory/DependentScopedReflTargetInvariance.lean	theorem incDepScopedReflTargetInvarianceTheorem	One certificate packages conditional recursive closure of the complete scoped Refl typing constructor.
IC644-refl-term-coherence-from-identity	checked	incidence-theory/IncidenceTheory/DependentScopedReflTargetInvariance.lean	theorem incDepScopedReflRecursiveTermCoherence_of_identity	Identity recursive path coherence implies Refl recursive term coherence: after formation alignment, all Identity witnesses agree pointwise by proof irrelevance.
IC645-generic-target-term-cast	checked	incidence-theory/IncidenceTheory/DependentScopedIdentityTargetInvariance.lean	def IncDepRawStrictTypingSubstitutionDispatchResult.targetTermCastTo	A typing target term transports directly to any propositionally equal semantic formation target without requiring a strict formation-dispatch wrapper.
IC646-generic-target-term-cast-heq	checked	incidence-theory/IncidenceTheory/DependentScopedIdentityTargetInvariance.lean	theorem IncDepRawStrictTypingSubstitutionDispatchResult.targetTermCastTo_heq	The generic semantic-formation target transport preserves the original target term up to heterogeneous equality.
IC647-apply-target-package	checked	incidence-theory/IncidenceTheory/DependentScopedApplyTargetInvariance.lean	def IncDepRawApplyTargetPackage	A dependent package binds domain and codomain targets, function and argument terms, an independent result formation, and the exact instantiation equality relating them.
IC648-apply-target-package-term	checked	incidence-theory/IncidenceTheory/DependentScopedApplyTargetInvariance.lean	def IncDepRawApplyTargetPackage.applyTerm	The application term is constructed in the instantiated codomain and transported by the package coherence into the independent result fiber.
IC649-apply-target-package-congruence	checked	incidence-theory/IncidenceTheory/DependentScopedApplyTargetInvariance.lean	theorem IncDepRawApplyTargetPackage.applyTerm_heq	Equality of dependent Apply packages implies heterogeneous equality of their transported application target terms.
IC650-scoped-apply-instantiation-target-coherence	checked	incidence-theory/IncidenceTheory/DependentScopedApplyTargetInvariance.lean	def IncDepScopedApplyInstantiationTargetCoherence	The exact remaining Apply naturality law identifies semantic codomain instantiation at the aligned argument with the independent result formation.
IC651-apply-target-package-capstone	checked	incidence-theory/IncidenceTheory/DependentScopedApplyTargetInvariance.lean	theorem incDepScopedApplyTargetPackageTheorem	One certificate exposes package congruence for dependent Apply target terms.
IC652-typing-formation-cast-term-preservation	checked	incidence-theory/IncidenceTheory/DependentScopedApplyTargetInvariance.lean	theorem IncDepRawTypingSubstitutionFiberResult.castFormation_targetTerm_heq	Reindexing a typing fiber along formation equality preserves its semantic target term up to heterogeneous equality.
IC653-scoped-apply-recursive-instantiation-coherence	checked	incidence-theory/IncidenceTheory/DependentScopedApplyTargetInvariance.lean	theorem incDepScopedApplyRecursiveInstantiationTargetCoherence	The scoped recursive instantiate-agreement provider proves the exact semantic codomain-instantiation equality consumed by Apply.
IC654-scoped-apply-public-instantiation-coherence	checked	incidence-theory/IncidenceTheory/DependentScopedApplyTargetInvariance.lean	theorem incDepScopedApplyInstantiationTargetCoherence	Formation-cast term preservation transports recursive Apply instantiation coherence through the public scoped dispatcher boundary.
IC655-scoped-apply-external-target-package	checked	incidence-theory/IncidenceTheory/DependentScopedApplyTargetInvariance.lean	def incDepScopedApplyExternalTargetPackage	The public scoped dispatcher now assembles the complete Apply package, including aligned function and argument terms and the proved instantiation equality.
